,filename,describe
0,p1-l0_20250320-000509,"
                Phòng cho thuê tại Quận 2, Hồ Chí Minh, DT 22m², giá chỉ 3,8 triệu VND mỗi tháng. Căn hộ đầy đủ nội thất mang lại sự thoải mái và tiện lợi cho cuộc sống hàng ngày.Thời gian cho thuê linh hoạt, tối thiểu 6 tháng, phù hợp với nhu cầu của nhiều đối tượng khách hàng.+ Nội thất đầy đủ: Máy lạnh, giường, tủ lạnh(máy giặt, máy sấy chung)máy nước nóng, máy lọc nước uống, tủ bếp, kệ bếp, tủ quần áo..Gần các tiện ích như:Gần cao ốc thịnh vượng, homyland, gs 25, family mart, bách hoá xanh..Khu vực an ninh, dân trí cao.Giờ giấc tự do, không chung chủ.Gần chợ, siêu thị, bệnh viện lê văn thịnh.Dễ dàng di chuyển qua các quận 1,7,9, bình thạnh.Phòng mới xây.Nội thất mới 100%.Điện 3,5k.Nước 70k/người.Chính chủ cho thuê không qua môi giới.Liên hệ ngay để biết thêm chi tiết và đặt lịch xem nhà qua 0367 297 *** - Kim Tuế.
            "
1,p1-l10_20250320-000536,"
                    Phòng trọ nằm ở 15B/105 Lê Thánh Tôn, P Bến Nghé, Q1, HCM, rộng 35m², rất thoải mái và tiện nghi.Nội thất full, bao gồm giường, tủ, bàn ghế.Giá chỉ 5,9 triệu VND, cực kỳ hợp lý cho một căn phòng trong trung tâm thành phố.Một tầng duy nhất, không cầu thang phiền phức.Thích hợp cho những ai muốn sống gần gũi với nhịp sống sôi động của Sài Gòn.Địa điểm tiện ích xung quanh:Gần bệnh viện da liễu TP. HCM và bệnh viện nhi đồng 2, rất tiện cho những ai cần chăm sóc sức khỏe.WinMart Đồng Khởi và WinMart + để mua sắm hàng ngày.Không xa các trường THPT nổi tiếng như Trần Đại Nghĩa, Lê Quý Đôn và Marie Curie.Công viên bờ sông và công viên Chi Lăng để thư giãn và tập thể dục.Liên hệ ngay để biết thêm chi tiết: Anna, 0989 785 ***.
                "
2,p1-l11_20250320-000536,"
                    Tô Hiến Thành, P13, Q10.- Kết cấu toà nhà: 3 tầng - 7 phòng - Thang bộ.- Danh mục nội thất: Giường, nệm, tủ đồ, tủ lạnh, kệ bếp, tủ bếp, máy giặt riêng, sofa (theo nhu cầu), máy nóng lạnh.- Các loại phí:Điện: 4k/Kwh.Nước: 100k/Người.Dịch vụ: 150k/Phòng.Xe: 100k.- Quy định số lượng người, số lượng xe: 4 người, 4 xe.- Cho nuôi thú cưng hay không: Hạn chế.- Khu vực giặt phơi: Không.Chính sách cọc và thanh toán tiền nhà.+ Cọc 1 tháng.
                "
3,p1-l12_20250320-000509,"
                    Tìm chỗ ở chill thì không thể bỏ qua phòng trọ này! Nằm ở Nơ Trang Long, p13, Q. Bình Thạnh, TP. HCM, chỗ này cực kỳ dễ chịu với diện tích 35m². Phòng có 1PN và 1WC, nội thất cơ bản, phù hợp cho những ai thích đơn giản mà vẫn thoải mái. Giá cho thuê chỉ 6,4 triệu/tháng, quá hời cho một không gian riêng tư và tiện nghi!+ Nội thất cơ bản với một số món như giường, tủ, bàn ghế.+ Không gian thoáng đãng, yên tĩnh, phù hợp để học tập và làm việc.Tiện ích xung quanh.+ Gần bệnh viện Đa khoa Gia Định, trạm y tế phường 13.+ Siêu thị Luxy - Bình Thạnh, Bách Hóa Xanh 138 Nguyễn Xí.+ Công viên 69/4 Đặng Thùy Trâm, nơi thư giãn lý tưởng.+ Trường tiểu học Trần Quang Vinh, Saigon Academy International School, thuận tiện cho việc học.Liên hệ ngay để biết thêm chi tiết 0989 785 ***.
                "
4,p1-l13_20250320-000536,"
                Nhanh tay sở hữu phòng trọ lý tưởng tại Nguyễn Đình Chiểu, Đa Kao, Quận 1, Hồ Chí Minh. Phòng trọ 1PN với diện tích 30m², rất thích hợp cho những ai tìm kiếm không gian sống tiện nghi, thoải mái.Liên hệ ngay Anna qua số 0989 785 ***.+ Giá thuê: 4,9 triệu VND/tháng.+ Diện tích: 30m².+ 1 phòng ngủ và 1 toilet riêng biệt.+ Không gian sạch sẽ, thoáng mát, đầy đủ tiện nghi.Phòng trọ này không chỉ đáp ứng nhu cầu sinh hoạt hàng ngày mà còn mang đến sự riêng tư và yên tĩnh cho cư dân. Với thiết kế thông minh, không gian được tối ưu hóa để tạo cảm giác rộng rãi.- Địa điểm tiện ích xung quanh:+ Bệnh viện Da Liễu TP. HCM, Bệnh viện Tai Mũi Họng TP. HCM, Bệnh viện Nhi Đồng 2.+ Siêu thị Winmart + , Siêu thị Bon Grocer, Siêu thị Mẹ Bầu & Em Bé Con Cưng.+ Công viên Tao Đàn, Công viên Chi Lăng, Công viên 30/4.+ Trường THPT Lê Quý Đôn, Trường THPT Marie Curie, Trường THPT Chuyên Trần Đại Nghĩa.Để được tư vấn miễn phí và biết thêm chi tiết, liên hệ ngay Anna qua số 0989 785 ***.
            "
5,p1-l14_20250320-000509,"
                Phòng trọ 1PN tại Đường Huỳnh Khương Ninh, P Đa Kao, Q1, HCM cực xịn xò cho thuê. Diện tích 35m², giá chỉ 5,5 triệu VND.Liên hệ ngay để xem phòng: Anna 0989 785 ***.- Không gian thoáng mát, sạch sẽ, đầy đủ tiện nghi.- 1WC riêng biệt, tiện lợi.- Phù hợp cho người đi làm hoặc sinh viên.Cách trường THPT Lê Quý Đôn 2km, cách Winmart + 1,5km, gần công viên Lê Văn Tám 1,8km.Phòng ban công 8600k.Phòng duplex 5500k.Liên hệ ngay để xem phòng: Anna 0989 785 ***.
            "
6,p1-l15_20250320-000536,"
                    Vị trí: Nguyễn Kiệm - Bạch Đằng - Hoàng Minh Giám - Hồ Văn Huê - Phạm Văn Đồng...Thuận tiện di chuyển các quận Bình Thạnh, Phú Nhuận, Tân Bình.Toà thang máy, 1 trệt 1 lửng 5 tầng, khoá vân tay, hầm xe, camera bảo vệ an ninh 24/7.Nội thất: Máy lạnh, Tủ lạnh, Drap ga gối nệm, Tủ quần áo, Bếp điện từ, Máy hút mùi, Nóng lạnh NLMT, Kệ tủ bếp, Máy giặt riêng.Chính sách & quy định chung:- Điện: 3.800/kW.- Nước lạnh: 20.000/m3.- Nước nóng: 22.000/m3.Bạn đang cần tìm thuê căn hộ mini - căn hộ dịch vụ - căn hộ chung cư cao cấp.Hãy để chúng tôi giải quyết nhu cầu của bạn một cách nhanh gọn và chuyên nghiệp nhất.---------------------------Hệ thống mình còn rất nhiều phòng đẹp - giá ưu đãi toạ lạc trên địa bàn TPHCM.Liên hệ SĐT hoặc Zalo để được tư vấn và hỗ trợ xem phòng 24/7.
                "
7,p1-l16_20250320-000536,"
                Studio full nội thất, thiết kế hiện đại.Đặc điểm.Thiết kế hiện đại.Nội thất mới hoàn toàn.Cửa sổ đón sáng.Không gian rộng sinh hoạt.Thuận tiện qua quận 1, bình thạnh.Liên hệ 0369 858 *** Yến Phương tư vấn và xem phòng trực tiếp.
            "
8,p1-l17_20250320-000536,"
                Chill ngay phòng trọ bao đẹp tại Phường 3, Bình Thạnh! Phòng 1PN, 1WC, full nội thất xịn sò, với diện tích 30m². Giá thuê chỉ 4,9 triệu VND/tháng, rất hợp lý cho các bạn trẻ đang tìm kiếm nơi ở thoải mái mà vẫn tiện lợi.Liên hệ ngay với Anna qua số 0989 785 *** để biết thêm chi tiết!- Phòng trọ này cho thuê dài hạn từ 1 năm trở lên, cực kỳ thoải mái cho lối sống năng động.- Địa điểm siêu thuận lợi, gần nhiều tiện ích phục vụ cuộc sống hàng ngày.+ Cách trường học tầm 1km, dễ dàng cho việc đi học.+ Cách siêu thị WinMart + chỉ 1km, tiện lợi cho việc mua sắm.+ Gần bệnh viện thẩm mỹ Thanh Vân, trong trường hợp cần chăm sóc sức khỏe.Giá tốt giảm sâu lên đến 1,5 triệu cho hợp đồng dài hạn trên 1 năm.Đừng bỏ lỡ cơ hội này, liên hệ ngay với Anna qua số 0989 785 *** để biết thêm chi tiết!
            "
9,p1-l18_20250320-000536,"
                    Phòng trọ 1PN siêu xịn tại Nguyễn Văn Thương, P 25, Bình Thạnh, HCM. Diện tích 35m², giá chỉ 5,9 triệu.Liên hệ ngay để biết thêm chi tiết: - 0989 785 ***.Phòng full tiện nghi, phù hợp cho những ai thích không gian thoải mái, riêng tư. Không cần lo lắng về chi phí, ở đây cực kỳ tiết kiệm mà vẫn đầy đủ mọi thứ cho cuộc sống hàng ngày.Với giá thuê này, không chỉ có phòng đẹp mà còn gần nhiều tiện ích xung quanh, giúp cuộc sống dễ dàng hơn. Nếu thích sự tiện lợi, phòng này là lựa chọn không thể bỏ qua.Gần bệnh viện đa khoa quốc tế Vinmec Central Park và công viên Vinhomes Tân Cảng, nơi thư giãn và chăm sóc sức khỏe. Siêu thị Bách Hóa Xanh gần đó cũng giúp tiết kiệm thời gian mua sắm.Liên hệ ngay để biết thêm chi tiết: - 0989 785 ***.
                "
10,p1-l19_20250320-000509,"
                Nhà trọ cho thuê tại 180/28/29 Nguyễn Hữu Cảnh, Phường 22, Bình Thạnh, Hồ Chí Minh, với diện tích rộng 60m².Liên hệ ngay để được tư vấn miễn phí và xem nhà: Anna - 0989 785 ***.- Giá thuê chỉ 5,4 triệu VND mỗi tháng, một mức giá hợp lý cho không gian sống thoải mái.- Nhà có 1PN và 1WC, rất phù hợp cho cá nhân hoặc cặp đôi.- Nội thất đầy đủ với điều hòa, giường, tủ lạnh, mang lại sự tiện nghi cho cuộc sống hàng ngày.- Nằm trong khu vực yên tĩnh, thuận tiện cho sinh hoạt và nghỉ ngơi.Địa điểm tiện ích xung quanh:- Gần bệnh viện thẩm mỹ Thanh Vân, bệnh viện đa khoa quốc tế Vinmec Central Park, bệnh viện Bình Thạnh cơ sở 2.- Siêu thị mẹ bầu và em bé Con Cưng - concung.com, siêu thị điện máy Tự Do rất gần.- Hệ thống giáo dục với mầm non Hooray, trường phổ thông song ngữ quốc tế Wellspring Saigon và nhiều lớp học nghệ thuật khác.- Công viên cảng Ba Son, công viên Vinhomes Tân Cảng và công viên Vinhomes Central Park là những nơi lý tưởng để thư giãn.Liên hệ ngay để được tư vấn miễn phí và xem nhà: Anna - 0989 785 ***.
            "
11,p1-l1_20250320-000536,"
                Thông báo dự án mới.Phạm Phú Thứ, Phường 11, Quận Tân Bình.Chỉ với 4tr có ngay 1PN mới.1PN full NT mới cửa sổ.Free xe, không chung chủ.Khu vực giáp quận 10 thuận tiện di chuyển.Contact em hỗ trợ 24/7: 0964 721 *** (zalo).
            "
12,p1-l2_20250320-000536,"
                Cho thuê phòng chưa dụng ngay Emart.- Công khai: 3tr8/tháng.Nội thất chưa qua sử dụng gồm: Máy lạnh, tủ quần áo, giường nệm, kệ bếp...Địa chỉ: 331 Phan Huy Ích, Phường 12, Gò Vấp.- Tiện di chuyển: Trường Chinh, Emart Phan Huy Ích, Công viên Phần Mềm Quang Trung, Phạm Văn Bạch, Huỳnh Văn Nghệ, Nguyễn Tư Giản, Nguyễn Sỹ Sách, Cống Lỡ, Trần Thị Trọng, Lê Văn Thọ, Phạm Văn Chiêu, Lê Đức Thọ, Phan Huy Ích, Nguyễn Văn Khối,- Ngay Emart Phan Huy Ích.- Giờ giấc tự do.- Ra vào vân tay.- Không chung chủ.Liên hệ sdt/zalo: 0353 333 ***.
            "
13,p1-l3_20250320-000536,"
                Phòng cửa sổ trời có sẳn máy lạnh.- Diện tích 35m2- Công khai: 3tr5/tháng.Nội thất có sẳn máy lạnh, kệ bếp.Vị trí sau Công Viện Phần Mềm Quang Trung.+ Đi bộ qua Cao Đẳng FPT, Cao Đẳng Viễn Đông.- Tiện di chuyển qua Công Viên Phần Mềm, Quang Trung, Đại học Bách Khoa TP. HCM, Đại học Khoa học Tự nhiên TP. HCM, Đại học FPT, Cao đẳng FPT Polytechnic, Đại học Công nghệ Thông tin, Cao đẳng Viễn Đông, Đại Học Giao thông Vận Tải, Đại Học Lao Động Xã Hội, Đường Quang Trung, Đường Phan Văn Hớn, Đường Lê Thị Riêng, Đường Nguyễn Văn Quá, Đường Tô Ký, Đường Cầu Vượt Ngã 3 An Sương, Nguyễn Ảnh Thủ,...Giờ giấc tự do.Ra vào vân tay.Không chung chủ.Đường ô tô.Liên hệ SDT/zalo: 0353 333 ***.
            "
14,p1-l4_20250320-000536,"
                Hi mọi người ơi, nhà mình (chính chủ) còn 1 phòng cuối trên lầu 4 siêu thoáng mát đang tìm bạn đến ở đây.Phòng rộng rãi, được giữ gìn tốt, có bếp nhỏ để nấu ăn và nhà vệ sinh riêng trong phòng.Ngoài cửa còn có ban công nhỏ để phơi đồ, hoặc bạn có thể lên trên sân thượng ngay lầu trên để phơi cho nhanh khô hen.Điện: 4k/kg.Tiền phòng đã đăng đã bao gồm tất cả mọi chi phí, bao gồm WIFI, nước, rác, gửi xe,... Trừ tiền điện ra nghen.Tiền điện là mng xài bao nhiêu thì tính bấy nhiêu nhé.Nhà mình hẻm ô tô, có khóa vân tay nằm ngay khu vực trung tâm TP, thuận tiện di chuyển đi Q1, Q. Phú Nhuận, Q. 10, Q. Tân Bình,...Gần nhà có cửa hàng tiện lợi, siêu thị, nhà sách cùng các quán ăn ngon.Một vài câu trả lời giúp giải đáp thắc mắc của các bạn:1. Nhà mình chung chủ, nghĩa là bạn thuê phòng trọ và mình cũng đang lưu trú tại đây.2. Phòng nhà mình không nhận nuôi chó, mèo, các bé có lông và không được đóng đinh lên tường để dựng giá đỡ đựng đồ để bảo quản tình trạng phòng.3. Nếu thuê cần cọc trước 1 tháng tiền thuê.4. Giờ sinh hoạt: 5: 00 - 23: 00.5. Trọ chỉ cho nữ thuê, các bạn nữ vui lòng liên hệ trước nếu các bạn qua coi phòng nhé. Mình không nhận tin nhắn của các anh, các chú,... Nhắn là nhờ coi giúp em gái, bạn gái,... Nhé ạ. Bạn nào thuê thì bạn đó qua coi mọi người nhé.6. Mình chỉ nhận ký hợp đồng 1 năm ạ.7. Phòng này do nằm trên tầng 4, rất mát nên mình chưa lắp máy lạnh. Nếu bạn có nhu cầu lắp thì mình xin phép + 200K vào tiền phòng để lắp máy lạnh mới hiệu Casper.
            "
15,p1-l5_20250320-000536,"
                Căn phòng tràn ngập ánh sáng ngay trung tâm Q3.Vị trí: Nguyễn Thiện Thuật quận 3 gần đại học Sư Phạm, ĐH Sài Gòn, UEH.- Sát chợ Bàn Cờ, ngã sáu Cộng Hoà di chuyển dễ dàng các quận 1, quận 10, Phú Nhuận.Diện tích 25m² giá 5.2 triệu/tháng- Full nội thất như ảnh mới toanh.- Ra vào vân tay an ninh camera 24/24.- Cửa sổ thoáng.- Cọc 1 tháng.Liên hệ em ngay để được hỗ trợ xem phòng và tư vấn nhiệt tình.
            "
16,p1-l6_20250320-000536,"
                Âu Dương Lân - Quận 8.Sát cầu Chữ Y, thuận tiện di chuyển qua các quận trung tâm.- Full nội thất như hình.- Rộng 30m², gác cao, ở được 3 - 4 người.- Tòa nhà thang máy.- Giờ giấc tự do, không chung chủ.
            "
17,p1-l7_20250320-000536,"
                Nội thất cơ bản: Máy lạnh, kệ bếp, nước nóng,..DT 30m².Tiện ích chung:- Giờ giấc tự do.- Không chung chủ.- Nhà xe rộng, có thang máy.- Khu giặt phơi chung.- Ra vào khoá vân tay.Giá 4tr/th.Có đầy đủ các dạng phòng:- Studio cửa sổ hành lang.- Studio ban công.- Duplex cửa sổ trời.LH xem phòng ngay: 0947 398 *** (Thái Bảo) hỗ trợ tư vấn & tìm phòng khu vực Q2.
            "
18,p1-l8_20250320-000536,"
                    Địa chỉ: Đặng Thuỳ Trâm, P13, Bình Thạnh.Vị trí:- Ngay Phạm Văn Đồng, Xô Viết Nghệ Tĩnh.- Gần Đại Học Văn Lang, UEF, Hutech, GTVT, Ngoại Thương.- Gần Phan Văn Trị, Cầu Đỏ, Nguyễn Xí, D1, D2, D5, Võ Oanh.- DT 30m² giá 4.5tr/tháng.- Thuận tiện di chuyển Quận 2, Thủ Đức, Quận 1, Phú Nhuận, Gò Vấp.Khu vực gần chợ, siêu thị chuyển đổi tiện lợi.Tổng quan:- Căn hộ đầy đủ nội thất mới.- Camera an ninh 24/7.- Khoá vân tay.- Không chung chủ.- Giờ giấc tự do."" Nhận tìm phòng / căn hộ theo nhu cầu của khách hàng, hỗ trợ tìm phòng theo yêu cầu của khách hàng về đặc sản căn hộ và vị trí đường mà khách hàng mong muốn.Trợ giúp tìm kiếm phòng (miễn phí).Liên hệ ngay sđt: 0368 587 ***.
                "
19,p1-l9_20250320-000536,"
                    Mặt tiền Lê Văn Lương, phường Tân Phong. Q7.- DT 25m².- Giờ tự do cổng vân tay.- Cho nuôi thú cưng nhỏ.- Có nhà xe, wifi, khu giặt phơi.- Cách cổng 1 trường TDT chỉ 100m.- Di chuyển 4p sang LotteMart.- Tiện đi cầu Kênh Tẻ, Quận 4, Quận 1.Phù hợp sinh viên, dãy trọ sinh viên TDT ở nhiều.Liên hệ Bảo: 0528 626 *** (Zal0/Call) hỗ trợ tìm phòng đúng nhu cầu miễn phí trung gian khu vực Quận 7, Nhà Bè, Quận 4, Bình Chánh..
                "
20,p2-l0_20250320-000536,"
                Cho thuê phòng trọ gác cao ban công mới ở khu CNC gần Lã Xuân Oai trường FPT UFM Hutech Vinhomes.DT 30m², giá 3.5 tr/th.An ninh - giờ giấc tự do - không chung chủ - mới xây.- Vị trí thuận tiện di chuyển ra các trục đường lớn Lê Văn Việt, Xa Lộ Hà Nội, Lã Xuân Oai, Võ Văn Hát, D2, Võ Chí Công,...- Xung quanh đầy đủ tiện ích bách hóa xanh, nhà thuốc, quán ăn, gần Vinhomes Q9, Khu Cnc.- Gần các trường fpt, hutech, ufm, nguyễn tất thành, gtvt.- Gần công ty samsung, fpt, tti, nipro, vietjet,...- Tiện di chuyển sang các quận 2, 4, 7, Thủ Đức,...- Tòa nhà ra vào vân tay, trang bị đầy đủ camera an ninh, wifi, máy giặt chung, thang máy, nhà xe rộng, có quản lý, công viên.- Ở được đông bạn.- Phòng trang bị nội thất cơ bản: Máy lạnh, tủ quần áo, nước nóng lạnh, kệ bếp (thêm tủ lạnh + 200k).Đc: Võ Văn Hát, Long Trường, Quận 9.Liên hệ xem phòng trực tiếp 0949 364 *** Gia Thụy.
            "
21,p2-l10_20250320-000536,"
                    Cho thuê phòng trọ gác cao siêu rộng gần ngã tư Thủ Đức Đỗ Xuân Hợp trường SPKT Hutech Công Thương.DT 35m² giá 3.5tr/th.Giờ giấc tự do - không chung chủ - nằm trong khu dân cư an ninh - Giữ phòng qua Tết.- Vị trí thuận tiện di chuyển sang các trục đường Đỗ Xuân Hợp, Dương Đình Hội, Lê Văn Việt, Xa Lộ Hà Nội, Đình Phong Phú, Tăng Nhơn Phú,...- Thuận tiện di chuyển sang các Quận 2, Bình Thạnh, Thủ Đức,... Gần Ngã tư Bình Thái, ngã tư Thủ Đức, Vincom, Coopmart,....- Gần các trường Công Thương, Kinh Tế Đối Ngoại, SPKT, Hutech, Kỹ Nghệ, HUB, FPT, UFM, Văn Hóa,...Tiện ích xung quanh đầy đủ: Chợ, bách hóa xanh, tạp hóa, quán ăn, gym, spa,...Tiện ích tòa nhà: Giặt chung, wifi, nhà xe, camera an ninh, cổng vân tay, vệ sinh chung hàng tuần,...- Phòng dạng gác (cao 2m), trang bị sẵn máy lạnh, kệ bếp.Xem phòng trực tiếp liên hệ 0913 065 *** Gia Thụy.
                "
22,p2-l11_20250320-000536,"
                Trống phòng có gác cửa sổ trời full nội thất.- Công khai: 4tr3/tháng.Nội thất gồm: Máy lạnh, tủ lạnh, tủ quần áo, nệm, kệ bếp...Địa chỉ: 616 Lê Đức Thọ, Phường 15, Gò Vấp.+ Tiện di chuyễn qua: Các trường Đại Học IUH, VLU 5 - 10phút Lê Đức Thọ, Lotte Nguyễn Văn Lượng, Phan Văn Trị, Nguyễn Văn Lượng, Thống Nhất, Nguyễn Oanh, Lê Đức Thọ...Giờ giấc tự do.Ra vào vân tay.Không chung chủ.Đường ô tô.Liên hệ sdt/zalo: 0353 333 ***.
            "
23,p2-l12_20250320-000536,"
                Giờ giấc tự do ra vào vân tay.Không chung chủ nhà xe (free).Tiện ích toà nhà: Camera an ninh, thang thoát hiểm, hệ thống PCCC. 4.2 tr/th.Tiện di chuyển Sân bay TSN, Công viên Gia Định, Bình Thạnh, Phú Nhuận, Nguyễn Thái Sơn, Phạm Văn Đồng, Phan Văn Trị, Lê Đức Thọ, Nguyễn Oanh, Nguyễn Văn Lượng, Thống Nhất, Dương Quãng Hàm,
            "
24,p2-l13_20250320-000536,"
                Phòng ban công chưa qua sử dụng.- Công khai: 5tr5/tháng.Nội thất gồm: Máy lạnh, tủ lạnh, giường, tủ quần áo, kệ bếp...Địa chỉ: 965 Quang Trung, Phường 14, Quận Gò Vấp.+ Tiện di chuyển Cao Đẳng Y Dược Hồng Đức, Công Viên Phần Mềm Quang Trung, Lê Văn Thọ, Phạm Văn Chiêu, Lê Đức Thọ, Phan Huy Ích, Nguyễn Văn Khối,Giờ giấc tự do.Ra vào vân tay.Không chung chủ.Liên hệ sdt/zalo: 0353 333 ***.
            "
25,p2-l14_20250320-000536,"
                Trống phòng cửa sổ trời full nội thất.DT 40m².- Công khai: 4tr6/tháng.Nội thất gồm: Máy lạnh, tủ lạnh, tủ quần áo, giường nệm, kệ bếp...Địa chỉ: 160 Phan Huy Ích, Phường 15, Tân Bình.- Tiện di chuyển: Trường Chinh, Emart Phan Huy Ích, Công viên Phần Mềm Quang Trung, Phạm Văn Bạch, Huỳnh Văn Nghệ, Nguyễn Tư Giản, Nguyễn Sỹ Sách, Cống Lỡ, Trần Thị Trọng, Lê Văn Thọ, Phạm Văn Chiêu, Lê Đức Thọ, Phan Huy Ích, Nguyễn Văn Khối,- Giờ giấc tự do.- Ra vào vân tay.- Không chung chủ.- Đường ô tô.Liên hệ sdt/zalo: 0353 333 ***.
            "
26,p2-l15_20250320-000536,"
                Duplex khu sân bay, siêu rộng 20m² có sẵn máy lạnh, kệ bếp mà giá chỉ 3 tr 5 thui.Địa chỉ: Bạch Đằng - Đặng Văn Sâm, Tân Bình.Giờ giấc tự do, không chung chủ.Ra vào vân tay, hầm xe siêu rộng.Phòng có sẵn máy lạnh, kệ bếp, rộng rãi, ở 3 - 4 bạn vẫn thoải mái.Có giá ưu đãi trong tháng 3!Liên hệ Vinh: 0933 498 ***.
            "
27,p2-l16_20250320-000536,"
                Nhà có thang máy, máy giặt, tự do 24/24.Phòng có gác, sẵn nội thất.Cộng Hoà - Phan Văn Sửu, P13, Tân Bình.Vị trí gần toà nhà Etown Cộng Hoà, siêu thị Lotte, khu chung cư K300, Đại Học Kinh Tế, Văn Hiến, Greenwich, Cao Đẳng Y Khoa Phạm Ngọc Thạch, chợ Hoàng Hoa Thám.Phòng cửa sổ thoáng, đẹp 4.700.000đ.Liên hệ Khánh xem ngay, còn phòng.Tư vấn nhanh lẹ, trực tiếp, trống sẵn ở liền.
            "
28,p2-l17_20250320-000536,"
                An Bình - Quận 5.(Gần đại học Y Dược, đại học Kinh Tế, Chợ Rẫy, đại học Sư Phạm, thuận tiện qua các Quận 10,3,1.. ).- Full nội thất như hình.- Gác cao, ở được 3 - 4 người.- Camera an ninh 24/24.- Ra vào vân tay.- Giờ giấc tự do, không chung chủ.
            "
29,p2-l18_20250320-000536,"
                Cho thuê phòng trọ ngay Đỗ Xuân Hợp gần Ngã Tư Bình Thái Mk Trường Hutech SPKT ở được nhiều Bạn.Bảo vệ an ninh _ giờ giấc tự do _ không chung chủ.- Vị trí gần các trục đường lớn: Đỗ Xuân Hợp, Dương Đình Hội, Tăng Nhơn Phú, Xa Lộ Hà Nội, Tây Hòa, Nam Hòa, Đình Phong Phú, Ngã tư Bình Thái, Ngã tư Bình Thái, Ngã tư Thủ Đức, MK,...- Nằm ở khu dân cư an ninh, yên tĩnh, gần chợ, nhà thuốc, cửa hàng tiện lợi,...- Gần các trường như Cd Công Thương, Kinh Tế Đối Ngoại, Hutech, Kỹ Nghệ, SPKT,...- Tòa nhà có hầm xe, thang máy, cổng vân tay,...- Phòng trang bị nội thất như kệ bếp, máy lạnh, tủ đồ, gác,... Rộng ở được nhiều bạn.ĐC: Phước Long B, Quận 9.Liên hệ xem phòng 0913 065 *** Gia Thụy.
            "
30,p2-l19_20250320-000536,"
                Khai trương căn hộ mới 100%.Thang máy.Hầm xe.Bảo vệ 24/24.Vị trí: Bùi Đình Tuý, Chu Văn An, Phan Văn Trị Bình Thạnh.DT 30m².Studio: 5.3tr/th.Tiện ích tòa nhà bao gồm:Giờ giấc tự do - ra vào vân tay an ninh.Full nội thất chỉ cần xách vali vào ở.Nhà xe rộng có bảo vệ + camera 24/24.Wifi tốc độ cao riêng từng phòng.Hệ thống PCCC/ thang thoát hiểm đảm bảo đạt chuẩn.Nội thất: Máy lạnh, tủ lạnh, giường nệm gra gối, tủ đồ, sofa, bàn ghế ăn, tivi, bàn trang điểm, máy hút mùi 1PN, máy nóng lạnh mặt trời, kệ bếp, tủ bếp, máy giặt riêng.Hệ thống có hơn 1.000 căn hộ dịch vụ khác tại hệ thống For Rent.Tham khảo thêm sản phẩm tại: Zalo để được hỗ trợ tư vấn và tìm chỗ ở phù hợp với nhu cầu.
            "
31,p2-l1_20250320-011409,"
                    Địa chỉ: Bình Lợi - Bình Thạnh.-------------------------------Thang máy, camera an ninh, ra vào vân tay tự do.Full nội thất.Thuận tiện đi lại qua các quận khác.Căn 20m² giá 4tr6/th.
                "
32,p2-l2_20250320-011409,"
                    Vị trí: Trần Văn Hoàng, Tân Bình.Gần khu Cư Xá Bắc Hải, ĐH Bắc Khoa, CV Lê Thị Riêng, SVĐ Phú Thọ thuận tiện di chuyển quận 3 - 10 - Tân Bình.+ Giờ giấc tự do, xe hơi tận cửa.+ Ra vào khoá vân tay, có bãi xe.+ Cho nuôi thú cưng.+ Khu an ninh nhiều quán ăn, tạp hoá.+ Có khu giặt đồ, free 2 xe.Gọi ngay: 0388 324 *** Đồng(zalo/call) hỗ trợ coi phòng 24/7 miễn phí.
                "
33,p2-l3_20250320-011409,"
                Khai trương CHDV siêu siêu xinh full nội thất nằm gần ĐH UFM, ĐH FPT, Khu CNC Q9.DT 28m², giá 3tr3/th.Vị trị gần: Gần UFM, FPT, khu CNC, Cách KCN cao, Samsung, Intel, FPT Software đại học FPT, Hutech, Nguyễn Tất Thành 1km, cách trường, chợ, siêu thị trong bán kính 500m, gần Lã Xuân Oai, Lò Lu, Nguyễn Duy Trinh.Tiện ích miễn phí:Giờ giấc tự do, ra vào vân tay.Ban công riêng từng phòng thoáng mát.Có thang máy di chuyển.Máy giặt chung.An ninh 24/24.Chỗ để xe rộng.Gần quán ăn, nhà thuốc, BHX, chợ.Đ/c: 24 Võ Văn Hát, Q9.Contact: 0356 390 *** (Ánh) để được tư vấn và book phòng.
            "
34,p2-l4_20250320-011409,"
                Mặt tiền xe ô tô, khu dân cư an ninh cao, gần chợ, siêu thị.Di chuyển thang máy, khoá vân tay ID, khu giặt phơi chung mỗi lầu.Không giới hạn số người và xe, nuôi pet nhỏ cam kết sạch sẽ, không ồn ào.Thuận lợi di chuyển đi quận 10, sân bay Tân Sơn Nhất, công viên Hoàng Văn Thụ.Giá cho thuê chỉ 3.9tr/th/28m², tuỳ diện tích phòng.Xem nhà liên hệ trực tiếp gặp Anh Thành.
            "
35,p2-l5_20250320-011409,"
                    Giá quá tốt! Khai trương 25P trọ gác balcon cửa sổ ngay ĐH Kinh Tế UEH, Ngã Sáu Cộng Hoà Quận 10.---Giá chỉ từ 3tr5/ phòng.Nổ tung cầu trường, Giá thiệc sự quá tốt, nhà mới xây ngay Lê Hồng Phong Q10 chỉ 3tr5/phòng.Thiết kế dạng studio, gác balcon cửa sổ, nhà mới chưa qua sử dụng.Contact: 0964 721 *** (zalo).Mình sẽ hỗ trợ qua zalo 24/7.
                "
36,p2-l6_20250320-011409,"
                Căn 1 phòng ngủ, ban công lớn, view Landmark, ngay chân cầu Sài Gòn - Trần Não, Quận 2. DT 40m².- Vị trí: Trần Não, An Khánh, Quận 2.- Ngay chân Cầu Sài Gòn, Thảo Điền, Xa Lộ Hà Nội, nhanh chóng qua Bình Thạnh, Đảo Kim Cương, Sala, Q1, Q3, Q10,... Q9, Thủ Đức,..- Full nội thất gỗ (mới 100%).Máy lạnh, tủ lạnh, máy giặt riêng,Tủ đồ siêu lớn, giường nệm, bàn ghế.- Tiện ích khu:Tòa nhà thuộc khu dân cư an ninh, vị trí đẹp,Ra vào vân tay, giờ giấc tự do,Có bảo vệ an ninh, hệ thống PCCC.Bán kính 200m: Chợ, BHX, TTTM, Vincom, khu vui chơi, quán ăn,...- Giá 7 tr/th.- Liên hệ ngay: 0981 764 *** (Vạn Thắng) xem nhà trực tiếp miễn phí.- Hỗ trợ tìm phòng, căn hộ theo nhu cầu tại Q2 - có nhận khách ngắn hạn - ưu đãi lớn cho khách hàng dài hạn.
            "
37,p2-l7_20250320-011409,"
                    Cho thuê phòng gác cao gần Đỗ Xuân Hợp, ngã tư Thủ Đức, Lê Văn Việt, SPKT, Công Thương, Hutech, Khu CNC Quận 9.Giờ giấc tự do - không chung chủ - nằm trong khu dân cư an ninh.- Vị trí thuận tiện di chuyển sang các trục đường Đỗ Xuân Hợp, Dương Đình Hội, Lê Văn Việt, Xa Lộ Hà Nội, Đình Phong Phú, Tăng Nhơn Phú,...- Thuận tiện di chuyển sang các Quận 2, Bình Thạnh, Thủ Đức,... Gần Ngã tư Bình Thái, ngã tư Thủ Đức, Vincom, Coopmart,....- Gần các trường Công Thương 500m, Kinh Tế Đối Ngoại, SPKT, Hutech, Kỹ Nghệ, HUB, FPT, UFM, Văn Hóa,...Tiện ích xung quanh đầy đủ: Chợ, bách hóa xanh, tạp hóa, quán ăn, gym, spa,...Tiện ích tòa nhà: Thang máy, Giặt chung, nước lọc free, wifi, nhà xe, camera an ninh, cổng vân tay, vệ sinh chung hàng tuần,...- Phòng dạng gác (cao 2m), rộng 40m², trang bị sẵn máy lạnh, kệ bếp.Xem phòng trực tiếp liên hệ 0913 065 *** Gia Thụy.
                "
38,p2-l8_20250320-011409,"
                    Cho thuê phòng trọ gác cao gần chợ Thủ Đức Phạm Văn Đồng Xa Lộ Hà Nội trường SPKT công nghệ Hutech.DT 30m².Giờ giấc tự do - bảo vệ 24/24 - đường lớn oto 2 chiều - nhiều tiện ích.- Vị trí thuận tiện di chuyển sang các trục đường lớn: Phạm Văn Đồng, Kha Vạn Cân, Võ Văn Ngân, Xa Lộ Hà Nội, Đăng Văn Bi, Thống Nhất, Dân Chủ, Tô Ngọc Vân.- Tiện ích xung quanh: Bách hóa xanh, Vincom, quán ăn, của hàng tiện lợi, Gigamall, trung tâm tiếng anh, chợ Thủ Đức,...- Gần trường: SPKT, Công nghệ, Hutech, ĐH Luật, UEL, HUB, Làng ĐH, Công Nghiệp,...- Tòa nhà ra vân tay, giờ giấc tự do, bảo vệ 24/24, giặt chung, thang máy, wifi,...- Phòng trang bị sẵn gác (cao), máy lạnh, kệ bếp,...Địa chỉ: Đường Số 2, Trường Thọ, Thủ Đức.Liên hệ xem phòng trực tiếp 0913 065 *** Gia Thụy.
                "
39,p2-l9_20250320-011409,"
                Vị trí tốt, đường lớn xe hơi ra vào thoải mái. Thuận tiện di chuyển qua các trường học Cao Đẳng Công Thương, Sư Phạm Kỹ Thuật, Hutech, Giao Thông Vận Tải, Tài chính MKT, FPT,... Chỉ 5 - 7 phút chạy xe.Gần các trục đường lớn Lê Văn Việt, Võ Chí Công, Lã Xuân Oai, Xa Lộ Hà Nội, Ngã tư Thủ Đức, thuận tiện di chuyển qua các quận 2, Thủ Đức, trung tâm quận 9,...Phòng có gác cao 2 mét, thoáng mát, thang bậc, dễ di chuyển, rộng rãi, phù hợp với nhóm bạn sinh viên, gia đình,...Tòa nhà có thang máy, hành lang rộng, bảo vệ an ninh, sân phơi đồ riêng từng tầng,...Bạn bè đến chơi thoải mái, giờ giấc tự do, không chung chủ, ra vào thoải mái.Địa chỉ: Đường 182, Tăng Nhơn Phú A, Quận 9.Liên hệ xem phòng trực tiếp 0913 065 *** Gia Thụy.
            "
40,p3-l0_20250320-011409,"
                    Cho thuê phòng mới gác cao rộng ngay Phạm Văn Đồng gần Gigamall chợ Thủ Đức Hutech SPKT.DT 30m², giá 4tr5/th.Nằm trong khu dân cư an ninh - giờ giấc tự do - không chung chủ - đường lớn oto vào thoải mái.- Vị trí thuận tiên di chuyển sang các quận Bình Thạnh, Gò Vấp, Tân Bình,...Các trục đường lớn Phạm Văn Đồng, Kha Vạn Cân, Linh Đông, Tô Ngọc Vân, Võ Văn Ngân, QL 1K,...- Tiện ích xung quanh đầy đủ: Trung tâm thương mại Gigamall, chợ Thủ Đức, Bách hóa xanh, quán ăn, cửa hàng tiện lợi,...- Gần trường UEL, SPKT, HUB, CĐ Xây Dựng, Hutech, ĐH Luật, Công Nghệ Thủ Đức, Công Nghiệp, Làng ĐH, NLU,...- Tòa nhà ra vào vân tay, camera an ninh, hệ thống PCCC, wifi, giặt chung, vệ sinh chung,...- Phòng trang bị nội thất cơ bản: Máy lạnh, tủ quần áo, bàn ghế,... Cửa sổ lớn siêu thoáng.Địa chỉ: Phạm Văn Đồng, Linh Đông, Quận 9.Xem phòng trực tiếp LH 0913 065 *** Gia Thụy.
                "
41,p3-l10_20250320-011409,"
                Phòng trọ giá rẻ gác cao gần Vinhomes, khu công nghệ cao quận 9.Vị trí:- Gần Nguyễn Văn Tăng, Nguyễn Xiển, Lê Văn Việt, Làng Đại Học.- Thuận tiện di chuyển đến FPT, Hutech, UFM.Tiện ích:- Giờ giấc tự do, ra vào bằng vân tay.- Có khu vực để xe riêng.- Phòng có sẵn quạt, kệ bếp, WC thoáng mát.Liên hệ zalo xem phòng: 0911 649 *** (Phụng).
            "
42,p3-l11_20250320-011409,"
                Studio 30m² Bà Lê Chân - Hai Bà Trưng - Trần Quang Khải Tân Định Quận 1.Dạng phòng: Studio.Giá chỉ từ 6tr.Thiết kế sang trọng, hiện đại, nội thất đầy đủ chỉ việc xách vali đến ở.Vị trí thuận tiện di chuyển các quận trung tâm.Nội khu an ninh, yên tĩnh.Gần siêu thị, cửa hàng tiện lợi, bệnh viện, trường ĐH,...Giờ giấc tự do, không chung chủ.Ngoài ra, còn hệ thống phòng trọ - căn hộ mini - căn hộ dịch vụ đa dạng giá, đa dạng kiểu phòng Studio - Balcony - 1PN - 2PN - Duplex phù hợp với mọi yêu cầu của khách hàng.Liên hệ ngay Mr. Việt: 0985 089 *** (call/zalo) để được Tư vấn và Coi phòng miễn phí đến khi khách hàng hài lòng!
            "
43,p3-l12_20250320-011409,"
                Cho thuê căn hộ dịch vụ mini - hệ thống toàn thành phố Hồ Chí Minh.Vị trí: Mê Linh, Quận Bình Thạnh.+ Studio cửa sổ lớn: 5.500.000.Hỗ trợ tìm kiếm đa dạng căn hộ tại TP. Hồ Chí Minh.Hệ thống căn hộ trải đủ các cung đường trọng điểm ở trung tâm thành phố: Điện Biên Phủ, Xô Viết Nghệ Tĩnh, Phan Đăng Lưu, Phan Xích Long, Hoàng Văn Thụ, Cách Mạng Tháng Tám, Lý Chính Thắng, Hai Bà Trưng, Nam Kỳ KHởi Nghĩa, Lê Văn Sỹ, Võ Văn Tần, Trương Định,...Liên hệ SĐT hoặc Zalo (Mr. Đạt) để được tư vấn và xem phòng miễn phí.(Chuyên cho thuê căn hộ dịch vụ từ l5 - 20tr tất cả các khu vực).
            "
44,p3-l13_20250320-011409,"
                Phòng trọ cao cấp đầy đủ tiện nghi tại đường Võ Văn Hát - UFM - FPT - Hutech - khu CNC Quận 9.Vị trí:Vị trí tốt tiện di chuyển sang các trục đường lớn Lã Xuân Oai, Lê Văn Việt, Võ Chí Công, Võ Văn Hát, Lò Lu, Nguyễn Xiển. Gần Vinhomes Quận 9.- Cách trường FPT (5p), UFM (5p), Hutech (5p), Nguyễn Tất Thành, GTVT.- Gần Samsum, FPT software, Intel Products, Công Nghệ Sinh Học Na No Gen, Sam Holdings, Jabil Việt Nam, Cổ Phần Ctcbio Việt Nam, Nidec Servo Việt Nam.- Tiện di chuyển sang các quận 2, 1, 4, 3.- Xung quanh đầy đủ tiện ích: Bách hóa, chợ, hàng quán,...Tiện ích:Khuôn viên rộng.Có nhà xe, thang máy.Giờ giấc tự do.Ra vào vân tay.Phòng mới 100%, ban công cửa sổ thoáng mát.DT 30m² giá chỉ từ 3tr5.Liên hệ ngay zalo Phụng xem phòng trực tiếp.
            "
45,p3-l14_20250320-011409,"
                Địa chỉ: Bình Lợi - Quận Bình Thạnh (di chuyển 5 - 10p tới Q1,2,3,.. ).- Ra vào bằng khoá từ vân tay, giờ giấc tự do.- Ban công, cửa sổ thoáng mát.- Hệ thống PCCC, an ninh đầy đủ.- Thang máy, hầm xe, bảo vệ 24/24.Căn hộ:- Trang bị đầy đủ nội thất như hình.- Máy giặt, máy sấy riêng.Call/ZL: 0702 660 *** để được hỗ trợ nhanh nhất, tư vấn và xem phòng miễn phí.Sử dụng hashtag kimnganhifriendz để lựa chọn căn hộ ưng ý.
            "
46,p3-l15_20250320-011409,"
                Trống phòng studio.- Công khai: 3tr5/tháng.Nội thất gồm: Máy lạnh, tủ quần áo, giường, kệ bếp...Địa chỉ: 160/70 Phan Huy Ích, Phường 15, Tân Bình.- Tiện di chuyển: Trường Chinh, Emart Phan Huy Ích, Công viên Phần Mềm Quang Trung, Phạm Văn Bạch, Huỳnh Văn Nghệ, Nguyễn Tư Giản, Nguyễn Sỹ Sách, Cống Lỡ, Trần Thị Trọng, Lê Văn Thọ, Phạm Văn Chiêu, Lê Đức Thọ, Phan Huy Ích, Nguyễn Văn Khối,Giờ giấc tự do.Ra vào vân tay.Không chung chủ.Đường ô tô.Liên hệ sdt/zalo: 0353 333 ***.
            "
47,p3-l16_20250320-011409,"
                    Phòng ban công full nội thất.- Công khai: 3tr7/tháng.Nội thất gồm: Máy lạnh, tủ lạnh, giường nệm, tủ đồ, kệ bếp...Địa chỉ: 1180 Quang Trung, Phường 8, Gò Vấp.+ Tiện di chuyển Công Viên Làng Hoa, Lê Văn Thọ, Phạm Văn Chiêu, Lê Đức Thọ, Phan Huy Ích, Tân Sơn, Nguyễn Văn Khối,Giờ giấc tự do.Ra vào vân ray.Không chung chủ.Đường ô tô.Liên hệ sdt/zalo: 0353 333 ***.
                "
48,p3-l17_20250320-011409,"
                Phòng cho thuê đường Cách Mạng Tháng Tám, Quận 10 - Vị trí vàng, tiện ích ngập tràn. DT 35m².Vị trí đắc địa:- Phòng tọa lạc ngay trên đường Cách Mạng Tháng Tám, trung tâm Quận 10.- Gần các tuyến đường lớn như đường 3 Tháng 2, Điện Biên Phủ, Tô Hiến Thành, thuận tiện di chuyển đến các quận trung tâm.- Xung quanh có nhiều tiện ích: Siêu thị, chợ, trường học, bệnh viện, công viên Lê Thị Riêng, khu vui chơi giải trí.Tiện nghi căn hộ:- Thiết kế hiện đại, tối ưu hóa không gian sống.- Đầy đủ nội thất cao cấp.- Ban công/cửa sổ thoáng mát, view đẹp.- Khu vực bếp nấu tiện nghi.Tiện ích tòa nhà:- Bảo vệ 24/24, camera an ninh.- Hầm để xe rộng rãi.- Giá 7.9 tr/th.Call/zalo: Trương Khánh Megas để được tư vấn và hỗ trợ xem phòng ngay.
            "
49,p3-l18_20250320-011409,"
                Khai trương 1 phòng ngủ tách bếp cửa sổ ban công.Công khai: 5tr2/th.- Nội thất gồm: Máy giặt, máy lạnh, tủ lạnh, sofa, giường nệm, tủ đồ, kệ bếp.Địa chỉ: 872 Quang Trung, Phường 8, Gò Vấp.+ Tiện di chuyển Cao Đẳng Y Dược Hồng Đức, Công Viên Phần Mềm Quang Trung, Lê Văn Thọ, Phạm Văn Chiêu, Lê Đức Thọ, Phan Huy Ích, Nguyễn Văn Khối,..Giờ giấc tự do.Ra vào vân tay.Không chung chủ.Liên hệ sdt/zalo: 0353 333 ***.
            "
50,p3-l19_20250320-011409,"
                Khai trương căn hộ 1PN cửa sổ 20m².Ngay ngã tư Bảy Hiền.Full nội thất cao cấp.Giờ giấc tự do không chung chủ.Khu vực an ninh.1PN cửa sổ giá 4tr.Giữ phòng đến đầu tháng 4.Ở được 2ng - 2xe.Liên hệ xem phòng ngay: 0912 856 *** (Minh Tân).
            "
51,p3-l1_20250320-011409,"
                Mặt tiền xe ô tô, khu dân cư an ninh cao, gần chợ, siêu thị.Di chuyển thang máy, khoá vân tay ID, khu giặt phơi chung mỗi lầu.Không giới hạn số người và xe, nuôi pet nhỏ cam kết sạch sẽ, không ồn ào.DT 30m², 4.7tr/thThuận lợi di chuyển đi quận 10, sân bay Tân Sơn Nhất, công viên Hoàng Văn Thụ.Xem nhà liên hệ trực tiếp gặp Anh Thành.
            "
52,p3-l2_20250320-011409,"
                    Vị trí: Âu Dương Lân Q8.Đa dạng các loại phòng.DT 30m², 7 tr/th.Full nội thất, máy giặt riêng.Toà nhà thang máy, hầm xe bảo vệ.Ra vào vân tay, giờ giấc tự do.Khu vực dân trí cao, yên tĩnh, camera an ninh.Vị trí thuận tiện di chuyển các quận trung tâm.Gọi hoặc ib zalo em để được xem phòng miễn phí nhé.
                "
53,p3-l3_20250320-011409,"
                    Vị trí: Hùng Vương Q5.Full nội thất (có thể linh hoạt nội thất).Ra vào vân tay, giờ giấc tự do.Khu vực dân trí cao, yên tĩnh, an ninh.Mặt tiền đường lớn oto di chuyển thoải mái.Vị trí thuận tiện di chuyển các quận.Đa dạng các loại phòng.Gọi hoặc IB ngay cho em để được tư vấn miễn phí nhé.
                "
54,p3-l4_20250320-011409,"
                Dương Bá Trạc, P1, Quận 8.Có ưu đãi lớn khi nhận phòng sớm.Cầu Nguyễn Văn Cừ.- Nhà mới, có cửa sổ kính đón nắng.- Nội thất mới như ảnh.- Hầm xe rộng rãi, ban công thoáng mát.- PCCC chuẩn, an ninh cao, giờ giấc tự do.LH: 0387 789 *** để xem phòng ngay.
            "
55,p3-l5_20250320-011409,"
                - Nội thất như hình 100%.- An ninh, giờ tự do, không chung chủ.- Tòa nhà lớn, thang máy, hầm xe,..- Ra vào vân tay/ thẻ từ.DT 30m², 6.4 tr/th- Gần Lotte Mart Q7, SC Vivo City, Crescent Mall,..Các Đại học và Tuyến đường lớn Q7.
            "
56,p3-l6_20250320-011409,"
                Nhà trọ cho thuê tại Mê Linh, Phường 19, Bình Thạnh, Hồ Chí Minh, diện tích 37m².- Cấu trúc: 1PN + 1WC + bếp.- Giá thuê: 5,5 triệu VND.- Nội thất đầy đủ với điều hòa, giường, tủ lạnh.Khu vực xung quanh có nhiều tiện ích phục vụ nhu cầu sinh hoạt như:- Bệnh viện Nhi Đồng 2, bệnh viện thẩm mỹ Thanh Vân, bệnh viện đa khoa quốc tế Vinmec Central Park.- Công viên Chi Lăng, công viên Cảng Ba Son.- Siêu thị Điện Máy Tự Do, Winmart + , siêu thị trực tuyến Chiaki.- Trung tâm KTDH IELTS, trường THPT chuyên Trần Đại Nghĩa, lớp vẽ OS - Fine Art.Liên hệ ngay để biết thêm thông tin chi tiết: Lương Hoàng Dương An - 0902 591 ***.
            "
57,p3-l7_20250320-011409,"
                Chính chủ cho thuê duplex cửa sổ trời, rộng rãi, full nội thất ngay ngã tư Hàng Xanh.Địa chỉ: Ung Văn Khiêm Bình Thạnh.DT 30m², 5.5 tr/thKhông giới hạn người ở.Thuận tiện đi lại.Giờ giấc tự do.Không chung chủ.Cam kết phòng như hình.Sơn sửa dọn dẹp lại mới trước khi nhận phòng.Liên hệ qua sdt/zalo 0911 538 *** Thanh Trieu và để xem phòng trực tiếp và tư vấn miễn phí.
            "
58,p3-l8_20250320-011409,"
                Ngô Gia Tự - Quận 5.Gần ĐHKT, Y Dược, Sư Phạm, Sài Gòn,... Tiện sang Quận 1,3,10.Rộng 35m².Đầy đủ nội thất tiện nghi, cao cấp.Toà nhà an ninh, camera 24/24.Giờ giấc tự do, thang máy.Ra vào vân tay.
            "
59,p3-l9_20250320-011409,"
                Cho thuê căn hộ Duplex cao 1m7 ngay Tăng Nhơn Phú, gần ngay SPKT, UFM, GTVT, HUTECH, CĐ Công Thương, CĐ Kinh Tế Đối Ngoại.Gần các trục đường lớn Đỗ Xuân Hợp, Ngã tư Tây Hoà, Đình Phong Phú, Dương Đình Hội, Lê Văn Việt, Lã Xuân Oai, Song Hành.Tiện di chuyển sang các quận trung tâm, quận 1 2 3 và quận Bình Thạnh.Diện tích 40m² giá 3.5 triệu/tháng.Tiện ích:- Phòng gác cao.- Có thang máy, nhà xe rộng.- Máy giặt, khu giặt phơi chung rộng.- Có sân thượng hóng mát.- Giờ giấc tự do, ra vào vân tay, không chung chủ.- Trang bị camera an ninh, hệ thống pccc đầy đủ.- Khu dân cư an ninh.- Nhiều tiện ích xoay quanh: Chợ, bách hoá xanh, hàng quán ăn uống, cửa hàng tiện lợi.Nội thất có: Máy lạnh, gác cao, kệ bếp, wifi riêng.Địa chỉ: Tăng Nhơn Phú, Tăng Nhơn Phú B, Quận 9.Xem phòng trực tiếp LH: 0964 465 *** - Tuyết (Zalo/Sđt).Hỗ trợ tìm phòng theo nhu cầu.
            "
60,p4-l0_20250320-011409,"
                Khai trương phòng 3tr5/th cửa sổ ban công.- Nội thất gồm: Máy lạnh, tủ quần áo, kệ bếp,...Địa chỉ: 701 Tân Sơn, Phường 12, Quận Gò Vấp.- Tiện di chuyển: Trường Chinh, Emart Phan Huy Ích, Công viên Phần Mềm Quang Trung, Phạm Văn Bạch, Huỳnh Văn Nghệ, Nguyễn Tư Giản, Nguyễn Sỹ Sách, Cống Lỡ, Trần Thị Trọng, Lê Văn Thọ, Phạm Văn Chiêu, Lê Đức Thọ, Phan Huy Ích, Nguyễn Văn Khối,Toà nhà thang máy.Giờ giấc tự do.Ra vào vân tay.Không chung chủ.Đường ô tô.Liên hệ sdt/zalo: 0353 333 ***.
            "
61,p4-l10_20250320-011409,"
                Vị trí: Ngô Gia Tự Q5.DT 30m², giá 7tr5/th.Full nội thất.Ra vào vân tay, giờ giấc tự do.Ban công lớn đón nắng gió thoáng mát.Vị trí thuận tiện di chuyển các quận trung tâm.Gần các trường UEH, KHTN, KHXH, Y Dược, SGU, Sư Phạm.Gọi hoặc IB Zalo cho em để được xem phòng miễn phí nhé.
            "
62,p4-l11_20250320-011409,"
                Dương Bá Trạc Q8Diện tích 30m² giá: 3.500.000đ/thángToà dãy trệt ko lầu, giờ giấc tự do Chính sách tòa nhà:- Điện nhà nước- Nước 30m3- Xe dắt vào phòngPhí đăng kí tạm trú: 50k/người Cọc 1 thángGiữ phòng tối đa: 5 ngày
            "
63,p4-l12_20250320-011409,"
                Nằm ở vị trí trung tâm Quận 1, phòng trọ này mang đến không gian sống tiện nghi và thoải mái cho cư dân. Với nội thất đầy đủ và diện tích 55m², đây là lựa chọn lý tưởng cho những ai tìm kiếm sự thuận tiện trong sinh hoạt hàng ngày.- 1 phòng ngủ rộng rãi.- 1 phòng tắm hiện đại.- Phòng khách thoáng mát.- Nội thất đầy đủ, chỉ việc dọn vào ở.- Giá cho thuê: 5,5 triệu VND.Phòng trọ không chỉ đáp ứng nhu cầu sinh hoạt mà còn mang lại sự tiện lợi với các dịch vụ xung quanh.Địa điểm xung quanh:+ Bệnh viện Tai Mũi Họng TP. HCM.+ Công viên 23 tháng 9.+ Siêu thị WinMart.+ Trường THPT Marie Curie.Liên hệ ngay để biết thêm thông tin chi tiết về phòng trọ này. David Sang Phạm - 0989 785 ***.
            "
64,p4-l13_20250320-011409,"
                Phòng cao cấp Nguyễn Thông, Q. 3 - tiện nghi, trung tâm, đầy đủ dịch vụ.Vị trí vàng:Ngay trung tâm Quận 3, thuận tiện di chuyển.Gần trường học, siêu thị, công viên.Tiện nghi hiện đại:Phòng mới, thiết kế sang trọng, đầy đủ nội thất.Ban công thoáng mát, view đẹp.An ninh 24/7, có bảo vệ.Tiện ích tòa nhà:Quán cà phê, nhà hàng ngay trong tòa nhà.Chỗ để xe xe rộng rãi.Giá tốt:Giá thuê cạnh tranh, nhiều lựa chọn 4.9 tr/th.Call/zalo - Trương Khánh Megas để được tư vấn và hỗ trợ xem phòng ngay.
            "
65,p4-l14_20250320-011409,"
                    Vị trí: Lê Tuấn Mậu Q6.DT 25m².Giá 5 tr/th.Full nội thất.Ra vào vân tay, giờ giấc tự do.Ban công lớn đón nắng gió thoáng mát.Xung quang nhiều tiện ích, ngay khu ẩm thực.Vị trí thuận tiện di chuyển các quận trung tâm.Gọi hoặc ib zalo cho em để được xem phòng miễn phí.
                "
66,p4-l15_20250320-011409,"
                Phòng trọ cho thuê tại Tân Hưng, Quận 7, TP. HCM, với diện tích 20m², đầy đủ nội thất như giường, tủ, máy lạnh, bàn ghế, sẵn sàng cho cuộc sống thoải mái. Giá thuê chỉ 4,5 triệu VND, rất hợp lý cho các bạn trẻ đang tìm kiếm chỗ ở tiện nghi và dễ chịu. Thời gian thuê linh hoạt từ 1 năm trở lên, phù hợp cho những ai muốn ổn định.Nằm gần nhiều tiện ích như bệnh viện phục hồi chức năng, siêu thị mẹ bầu & em bé con cưng, và công viên ánh sáng, tạo điều kiện thuận lợi cho cuộc sống hàng ngày.Liên hệ ngay để biết thêm chi tiết và đặt lịch xem phòng: Mai Đức Huy 0345 225 ***.
            "
67,p4-l16_20250320-011409,"
                    Phòng trọ siêu xinh nằm ở Lê Văn Thịnh, p Cát Lái, Q2, HCM, cực kỳ lý tưởng cho những ai cần không gian riêng tư. Diện tích 30m², phòng dạng gác, nội thất cơ bản, dọn vào là ở ngay. Mức giá chỉ 5 triệu VND, phù hợp với túi tiền của các bạn trẻ.Điểm đặc biệt là không gian thoáng đãng, ánh sáng tự nhiên tràn ngập, giúp tạo cảm giác thoải mái, dễ chịu. Khu vực này còn có nhiều tiện ích xung quanh, thuận tiện cho sinh hoạt hàng ngày.Địa điểm tiện ích xung quanh:- Bệnh viện Lê Văn Thịnh.- Siêu thị Bách Hóa Xanh 60 đường 39.- Siêu thị Bách Hóa Xanh 323 Lê Văn Thịnh.- Siêu thị Bách Hóa Xanh 419 Nguyễn Thị Định.- Trường THCS Nguyễn Văn Trỗi.- Viện Thánh Kinh Thần Học.- Saigon Star International School.Liên hệ ngay để tìm hiểu thêm chi tiết về phòng trọ này nhé! Huỳnh Vũ Apartment - 0931 846 ***.
                "
68,p4-l17_20250320-011409,"
                Khai trương phòng trong toà căn hộ dịch vụ mới xây 100% nội thất bốc seal ở quận 10.Giờ giấc tự do - nhà xe rộng.Địa chỉ: Trần Nhân Tôn - Quận 10.DT 30m² giá 5.5tr/tháng.(Gần Vạn Hạnh Mall, Bệnh Viện Nhi Đồng, Xung quanh nhiều trường đại học: UEH, Văn Hiến, Hoa Sen, Đại học Sư Phạm, Sài Gòn, Y Dược, ).Toà nhà 1 trệt 3 lầu, nhà xe ở trệt, camera 24/7, ra vào có vân tay, Face ID,Nội thất đầy đủ: Tủ lạnh 3 ngăn, kệ bếp, giường nệm, máy lạnh, máy giặt riêng, bàn ăn, tủ quần áo, thiết bị nhà vệ sinh cao cấp.Dạng phòng: Studio cửa sổ, ban công.Chính sách dịch vụ và quy định toà nhà:- Điện 4.000/kwh.- Nước 100.000/người.- Phí dịch vụ: 200.000/phòng.- Xe free 2 xe.Liên hệ chính chủ: 0942 043 *** (Thuận).Xem nhà 24/7.
            "
69,p4-l18_20250320-011409,"
                Cho thuê phòng trọ gác 2m full nội thất ở Tây Hòa gần ngã tư Bình Thái Đỗ Xuân Hợp Cầu Rạch Chiếc.DT 35m², giá 4tr3/th.Giờ giấc tự do - không chung chủ - nhà mới.- Thuận tiền sang các quận trung tâm Quận 2, Bình Thạnh, Quận 3, The Global City... Gần Cầu Rạch Chiếc, Ngã Tư Bình Thái, MK, Thủ Đức,...- Vị trí tiện di chuyển sang các trục đường Đỗ Xuân Hợp, Nam Hòa, Tây Hòa, Dương Đình Hội, Lê Văn Việt, Xa Lộ Hà Nội, Liên Phường,...- Gần cửa hàng tiện lợi, Cầu Rạch Chiếc, chợ, hàng quán, siêu thị, sân tennis, trung tâm thương mại,...- Gần các trường Công Thương, SPKT, Hutech, UFM, Kinh Tế Đối Ngoại, Kỹ Nghệ, Văn Hóa...- Tòa nhà full tiện ích: Máy giặt chung, camera an ninh, hệ thống PCCC, ra vào vân tay.- Phòng được trang bị full nội thất: Máy lạnh, tủ lạnh, tủ bếp, tủ quần áo, bàn ghế, máy giặt.ĐC: Phước Long A, Quận 9.Xem phòng trực tiếp liên hệ: 0913 065 *** Gia Thụy.
            "
70,p4-l19_20250320-011409,"
                Vị trí: Gần uỷ ban Q2, Mai Chí Thọ, Cầu Ba Son, Trần Não.Tiện ích căn hộ:- Diện tích 30m².- Có thang máy.- Giờ giấc tự do, ra vào cổng vân tay an ninh 24/24.- Có PCCC, lối thoát hiểm đầy đủ, đã được kiểm duyệt.- Có giặt chung & phơi chung.- Không chung chủ.Giá 4tr5/th.------------------------------Liên hệ: (Minh Hiếu) hỗ trợ tư vấn tìm phòng miễn Phí.
            "
71,p4-l1_20250320-011409,"
                Khai trương khu phòng mới xây hiện đại, thoáng mát, đầy đủ tiện nghi đường Nguyễn Thái Sơn, Phường 5.DT cho thuê 30m².Phòng mới 100%, thiết kế hiện đại, gác cao, ban công riêng, cửa sổ trời thoáng mát, đón ánh sáng tự nhiên.Tiện nghi đầy đủ: Máy lạnh mới, kệ bếp tiện lợi, nội thất cơ bản.An ninh & thoải mái: Tòa nhà trang bị hệ thống thang máy, cửa khóa vân tay, không gian sạch sẽ, an ninh tuyệt đối.Vị trí đắc địa:Nằm ngay giao lộ Nguyễn Thái Sơn & Phạm Văn Đồng, thuận tiện di chuyển giữa Gò Vấp - Bình Thạnh và các quận trung tâm.Gần các trường đại học lớn tại khu vực Gò Vấp và Bình Thạnh:Đại học Công Nghiệp TP. HCM.Đại học Mở TP. HCM (cơ sở Gò Vấp).Đại học HUTECH.Đại học Ngoại Thương.Đại học Giao Thông Vận Tải.Đại học Văn Lang (cơ sở 1 và 3).Đại học Quốc Tế Hồng Bàng.Đại học Tôn Đức Thắng (cơ sở Bình Thạnh).- Giá 3.2tr/th.Giá ưu đãi mùa khai trương số lượng giới hạn, nhanh tay giữ chỗ!Liên hệ ngay: Zalo/Call 0327 001 ***.
            "
72,p4-l2_20250320-011409,"
                Vị trí:- Gần Phan Đăng Lưu, Nguyễn Văn Đậu, Hoàng Hoa Thám, Phan Xích Long.- Đại Học Văn Lang CS2 - 3, Chợ Bà Chiểu.- Thuận tiện di chuyển Thủ Đức, Gò Vấp, Sân Bay, Tân Bình.Khu vực gần chợ, siêu thị chuyển đổi tiện lợi.Tổng quan:- DT 30m² giá 6.5tr/tháng.- Thang máy.- Căn hộ đầy đủ nội thất.- Camera an ninh 24/7.- Khoa vân tây.- Không chung chủ.- Giờ giấc tự do.Nhận tìm phòng / căn hộ theo nhu cầu của khách hàng, hỗ trợ tìm phòng theo yêu cầu của khách hàng về đặc sản căn hộ và vị trí đường mà khách hàng mong muốn.Trợ giúp tìm kiếm phòng (miễn phí).
            "
73,p4-l3_20250320-011409,"
                Giảm 500k cho tháng đầu, những tháng sau 7.200k.Toạ lạc trên đường Phạm Phú Thứ P.11, Tân Bình, Khu Đồng Đen, Bày Cát, Bảy Hiền, Ngay Etown Cộng Hoà, Trường Chinh, Âu Cơ, Đồng Đen, Bàu Bát, Khu K300, Trương Công Định, Luỹ Bán Bích, Cầu Vượt Hoàng Hoa Thám, Nhất Chi Mai, Đường C1, Thân Nhân Trung,... Gần Ngã Tư Bảy Hiền, Lạc Long Quân, Lý Thường Kiệt, Bảy Hiền, Phạm Phú Thứ,..Dễ đi qua Quận 10, Quận 3, Quận Gò Vấp, gần sân bay.Gần đại học Văn Hiến, Đại Học Hàng Không, Đại Học Hufit.Khai trương căn 2 phòng ngủ - 1WC full nội thất - zá sinh viên - Kế ĐH Văn Hiến.Đ/c: - Tân Bình (3p đến Ngã Tư 7 Hiền - sát bên chợ Hoàng Hoa Thám - Khu Bàu Cát).- Cửa sổ thoáng mát sạch sẽ.- Full nội thất: Giường, nệm, máy lạnh, tủ quần áo, máy giặt, wifi riêng, kệ bếp, bàn ghế,...- Hầm xe, giờ giấc tự do - ra vào vân tay.- Không giới hạn người ở, xe.Không chung chủ.
            "
74,p4-l4_20250320-011409,"
                Nằm ở khu vực sôi động, phòng trọ 1PN này có diện tích 30m², rất phù hợp cho những ai đang tìm kiếm không gian sống thoải mái và tiện nghi. Với giá chỉ 4,2 triệu, phòng được trang bị đầy đủ và sẵn sàng cho bạn chuyển vào ở ngay. Không gian thoáng đãng, sạch sẽ, tạo cảm giác dễ chịu cho cư dân.Khu vực xung quanh:- Công viên Văn Hóa Phường 13, Công viên Phú Lâm, Công viên Bình Phú.- Siêu thị Bách Hóa Xanh 131 Chiến Lược, Siêu thị Đồng Giá Daiso Japan, WinMart.- Trường Tiểu Học Phù Đổng, Trường Mầm Non Bình Minh, Trường Mầm Non Rạng Đông 11A.- Bệnh Viện Quốc Tế Minh Anh, Bệnh Viện Quận 6, Bệnh Viện Chuyên Khoa Ngoại Thần Kinh Quốc Tế.Liên hệ ngay để biết thêm thông tin chi tiết: Thạch Thanh Ni Hifriendz - 0938 028 ***.
            "
75,p4-l5_20250320-011409,"
                    Cánh Mạng Tháng Tám - Quận 10.- Kết cấu toà nhà: 8p.Diện tích 60m² giá 11 triệu/tháng.- Danh mục nội thất: Kệ bếp, tủ lạnh, tủ đồ, máy lạnh, giường, máy giặt chung.- Các loại phí:Điện: 4k.Nước: 20k/m3.Xe: 1 - 2 xe.- Quy định số lượng người: 2 người.- Cho nuôi thú cưng hay không: Hạn chế.- Khu vực giặt phơi:
                "
76,p4-l6_20250320-011409,"
                Phòng trọ siêu xinh siêu xịn, 30m² rộng rãi thoải mái ngay tại Nguyễn Thị Thập, Tân Quy, Q7, TP. HCM. Với diện tích 30m², phòng có 1PN, 1WC, đầy đủ tiện nghi, thích hợp cho cuộc sống thoải mái và tiện lợi.Gần Lotte Mart, Cresent Mall, gần phòng gym, gần trường học, gần chợ/siêu thị, cửa hàng tiện lợi, có công viên gần kề. Tiện đi qua quận 5, quận 8,...Giá 4tr3/th.Liên hệ ngay để biết thêm thông tin qua zalo: 0395 269 *** hoặc hỏi Trần Oanh Hifriendz.
            "
77,p4-l7_20250320-011409,"
                Vị trí: Hưng Phú Quận 8.DT 30m², 6.5tr/thFull nội thất.Điện 3k5 còn lại free.Ban công lớn đón nắng gió thoáng mát.Ra vào vân tay, giờ giấc tự do.Khu vực dân trí cao, yên tĩnh, an ninh.Vị trí thuận tiện di chuyển các quận trung tâm.Gọi hoặc IB Zalo cho em để được xem phòng miễn phí.
            "
78,p4-l8_20250320-011409,"
                    Nhà trọ xịn sò với 1PN và 1WC, diện tích 35m², nội thất đầy đủ như giường, tủ, bếp, sofa cực chất.Giá chỉ 5,8 triệu VND, hợp đồng cho thuê linh hoạt từ 1 năm trở lên.Mặt tiền rộng 10m, rất thích hợp cho việc đi lại, không kẹt xe.Bên cạnh đó, gần đó có bệnh viện da liễu TP. HCM và siêu thị sách Nhân Văn, thuận tiện cho việc mua sắm và chăm sóc sức khỏe.- P101: 5.8tr.Liên hệ ngay để được tư vấn miễn phí! Gọi 0989 785 ***.
                "
79,p4-l9_20250320-011409,"
                Nằm ở vị trí thuận lợi, hẻm xe hơi, phòng trọ này mang đến không gian sống lý tưởng cho những ai tìm kiếm sự tiện nghi và thoải mái.Liên hệ để biết thêm thông tin chi tiết: 0989 785 *** gặp Anna.+ Diện tích 35m², phù hợp cho nhu cầu sinh hoạt cá nhân hoặc cặp đôi.+ Giá thuê chỉ 4,9 triệu VND, rất hợp lý cho khu vực Bình Thạnh.+ Thiết kế cơ bản, dễ dàng trang trí theo sở thích cá nhân.+ 1 phòng ngủ và 1 toilet riêng biệt, mang lại sự riêng tư và tiện lợi.+ Nội thất cơ bản với một số món như giường, tủ, bàn ghế.+ Không gian thoáng đãng, yên tĩnh, phù hợp để học tập và làm việc.Tiện ích xung quanh.+ Gần trường học.+ Gần chợ Bà Chiểu, siêu thị.+ Gần khu du lịch Văn Thánh.Liên hệ để biết thêm thông tin chi tiết: 0989 785 *** gặp Anna.
            "
80,p5-l0_20250320-011409,"
                Lê Thị Chợ, Phú Thuận, Q7.Nội thất: Có sẵn máy lạnh, kệ bếp, máy hút mùi, tủ đồ, máy nóng lạnh,...- Có bảo vệ 24/7, thang máy.- Nội thất như hình 100%.- An ninh, giờ giấc tự do.- Không chung chủ.- Ra vào vân tay, thẻ từ.- Thuận tiện di chuyển Q7, Q8, Q4, vv...Zalo/Mess: Trinh để được hỗ trợ miễn phí và nhanh nhé.
            "
81,p5-l10_20250320-011409,"
                Phòng trọ giá rẻ mới xây gần Đỗ Xuân Hợp, Ngã Tư Bình Thái Quận 9.Diện tích 27m² giá 3.2tr/th.Vị trí:- Gần Tây hoà, Nam Hòa, Trạm thu phí Xa Lộ Hà Nội, Đỗ Xuân Hợp, Dương Đình Hội, Đặng Văn Bi, ngã Bình Thái, Cầu Rạch Chiếc,...- Gần Trường: Cao đẳng công thương, Đại học văn hóa, Đại Học Hutech Đại học sư phạm kỹ thuật, Đại học Ngân Hàng.- Đường lớn, không ngập, gần chợ, siêu thị, bách hóa,... Thuận tiện đi quận 2, Bình Thạnh và các quận trung tâm Thành Phố.- Thuận tiện ra tuyến Metro Bình Thái và Metro Thủ Đức đi đến quận 1 và bình dương.Giờ giấc tự do.Ra vào vân tay.Có nhà xe.Phòng đẹp vị trí đẹp.Liên hệ ngay zalo Phụng để biết thêm thông tin chi tiết.
            "
82,p5-l11_20250320-011409,"
                    Phòng trọ cực chất cho thuê tại Nguyễn Thượng Hiền, Phường 1, Gò Vấp, Hồ Chí Minh, diện tích 30m², giá chỉ từ 4,5 triệu VND/th. Phòng có nội thất cơ bản, 1PN, 1WC, rất thích hợp cho những ai cần không gian riêng tư và thoải mái.- Giá thuê hợp lý: 4,5 triệu VND/th.- Diện tích: 30m².- Nội thất: Cơ bản, đầy đủ.- Thời gian thuê linh hoạt, tối thiểu 6 tháng.Gần nhiều tiện ích như siêu thị Bách Hóa Xanh và các trường học, bệnh viện, thuận tiện cho việc sinh hoạt và học tập.Liên hệ ngay để biết thêm chi tiết: Thuý Vy 0369 882 ***.
                "
83,p5-l12_20250320-011409,"
                Khai trương căn hộ giá rẻ _ có máy lạnh, thang máy _ Ngay Đại học Văn Hiến, Công viên Đầm Sen.Địa chỉ: Thoại Ngọc Hầu, Nguyễn Sơn, Phú Thạnh, Tân Phú.Vị trí vàng - kết nối thuận tiện.5 phút đến Trung tâm thương mại Aeon Mall Tân Phú.Công viên Văn Hóa Đầm Sen.10 phút đến Đại học Văn Hiến, Đại học Công Thương.Tiện ích toà nhà:Đa dạng các loại phòng, đáp ứng mọi nhu cầu.Bãi đỗ xe ô tô ngay trước tòa nhà.Thang máy hiện đại, bảo vệ 24/7, hầm để xe, không giới hạn giờ giấc.Thiết kế sang trọng - hiện đại.Căn hộ duplex với không gian thoáng đãng, ban công rộng rãi.Full nội thất cao cấp, tiện nghi, sẵn sàng sử dụng.Liên hệ ngay.Zalo/Messenger: Thanh Lâm Hifriendz TB.Quý khách hàng có nhu cầu xin vui lòng kết bạn Zalo để được hổ trợ tư vấn nhiệt tình.
            "
84,p5-l13_20250320-011409,"
                Cho thuê phòng chưa dụng ngay Emart.- Công khai: 4tr/tháng.Nội thất chưa qua sử dụng gồm: Máy lạnh, tủ quần áo, giường nệm, kệ bếp...Địa chỉ: 331 Phan Huy Ích, Phường 12, Gò Vấp.- Tiện di chuyển: Trường Chinh, Emart Phan Huy Ích, Công viên Phần Mềm Quang Trung, Phạm Văn Bạch, Huỳnh Văn Nghệ, Nguyễn Tư Giản, Nguyễn Sỹ Sách, Cống Lỡ, Trần Thị Trọng, Lê Văn Thọ, Phạm Văn Chiêu, Lê Đức Thọ, Phan Huy Ích, Nguyễn Văn Khối,- Ngay Emart Phan Huy Ích.- Giờ giấc tự do.- Ra vào vân tay.- Không chung chủ.Liên hệ sdt/zalo: 0353 333 ***.
            "
85,p5-l14_20250320-011409,"
                Mình chuyên rổ hàng phòng trọ giá rẻ nhất TPHCM.- Phòng ban công/ tách bếp, thang máy: Thang Bộ, full nội thất.Giá 8,3 triệu/tháng.DT 45m².Tại sẽ có tất cả các loại hình phòng trọ.- Hỗ trợ cọc.- Hỗ trợ vận chuyển.- Hỗ trợ chuyển nhượng phòng khi không ưng ý.- Tặng voucher giảm giá.
            "
86,p5-l15_20250320-011409,"
                Nhà trọ cho thuê tại vị trí đắc địa, diện tích 30m², phù hợp cho nhu cầu ở một mình hoặc cặp đôi.Giá cho thuê cực kỳ hợp lý chỉ 5,2 triệu VND mỗi tháng.Căn phòng được thiết kế thông thoáng, sạch sẽ và yên tĩnh, rất thuận tiện cho việc nghỉ ngơi.Chỉ có 1 tầng, dễ dàng di chuyển và không mất thời gian chờ đợi thang máy.Địa điểm xung quanh:Gần viện chấn thương chỉnh hình - bệnh viện quân y 175 và trung tâm cấp cứu bệnh viện 175.Có nhiều công viên nhỏ như công viên cityland center hills, công viên gia định để thư giãn.Các trường học như trường tiểu học Nguyễn Thượng Hiền, trường THCS Trường Sơn, trường THCS Nguyễn Văn Bé gần đó.Siêu thị Bách Hóa Xanh 3/14 Nguyễn Thái Sơn phục vụ nhu cầu mua sắm hàng ngày.Liên hệ ngay để được tư vấn miễn phí qua số điện thoại 0938 046 *** và gặp Nhân.
            "
87,p5-l16_20250320-011409,"
                    Nhà trọ này nằm ở vị trí cực đỉnh tại Đường Xô Viết Nghệ Tĩnh, Phường 25, Bình Thạnh, Hồ Chí Minh. Diện tích 30m², giá chỉ 5,3 triệu VND.Không gian thoáng đãng, thích hợp cho việc sống một mình hoặc ở chung với bạn bè.Chỗ ở sạch sẽ, tiện nghi đầy đủ, thích hợp cho cuộc sống năng động của giới trẻ.Hãy đến để trải nghiệm không gian sống thoải mái này nhé!Gần đây có nhiều tiện ích như công viên tầm vu, siêu thị điện máy tự do và các trường học thuận tiện cho việc sinh hoạt hàng ngày.Liên hệ ngay với Đạt Master Home qua số 0981 243 *** để biết thêm chi tiết!
                "
88,p5-l17_20250320-011409,"
                    Khai trương căn hộ mới toanh 100%.502 Huỳnh Tấn Phát, Quận 7.DT 25m², 4.2 tr/th.- Full nội thất mới 100%.- Giá sinh viên, cho nuôi pet nhỏ.- Cửa vân tay, mật khẩu, đảm bảo an ninh.- Tòa nhà lớn, thang máy, hầm xe rộng, giờ giấc tự do.- Bàn giao NTCB (máy lạnh, kệ bếp, bàn ghế, tủ quần áo,... ).+ Tủ lạnh + 200k.+ Nệm + 100k.Liên hệ: 0345 225 *** (Đức Huy) tư vấn căn hộ phù hợp hoàn toàn miễn phí.
                "
89,p5-l18_20250320-011409,"
                Địa chỉ: Nguyễn Hữu Cảnh, P22, Bình Thạnh.Vị trí:- Ngay Landmark 81, VinHome Tân Cảng, cầu Thủ Thiêm, Khu du lịch Văn Thánh.- Gần Trường Đại Học lớn: Hutech, GTVT, Hồng Bàng, UEF.- Gần các đường lớn: Điện Biên Phủ, Ngô Tất Tố, Xô Viết Nghệ Tĩnh, D1, D2, D3, D5.- Thuận tiện di chuyển Quận 1,2,3; Thủ Đức; Phú Nhuận.- Khu vực gần chợ, siêu thị, cửa hàng tiện lợi.Diện tích: 30m².Tiện ích toà nhà:- Thang máy, hầm xe.- Vệ sinh khu vực chung 2l/tuần.- Căn hộ full nội thất: Giường, nệm, ga, mền + 2 gối mới, tủ lạnh 2 cánh, điều hoà tiết kiệm điện, máy giặt tuỳ phòng...- Camera an ninh 24/7.- Khoá vân tay.- Không chung chủ.- Giờ giấc tự do.Hệ thống của mình còn rất nhiều căn hộ toạ lạc trên địa bàn Tp. HCM.Và nhiều loại căn hộ khác nữa, hỗ trợ tìm kiếm phòng theo yêu cầu của khách hàng về đặc điểm của căn hộ và vị trí đường mà khách hàng mong muốn với mức giá từ 5 triệu VNĐ.Phòng hỗ trợ (miễn phí).Nhanh tay liên hệ SĐT 0915 997 *** hoặc Zalo để được hỗ trợ xem phòng nhé.
            "
90,p5-l19_20250320-011409,"
                Duplex cửa sổ lớn - ngay mặt tiền Tân Thuận Tây - đi bộ qua ĐH Tài Chính MKT.Tân Thuận Tây, Quận 7.Gần khu chế xuất, trường ĐH Tài chính MKT, Rmit, Tôn Đức Thắng,...Tiện ích căn hộ:Cửa sổ lớn thoáng mát.Full nội thất cao cấp sang xịn.Giờ giấc tự do, không chung chủ.Camera an ninh 24/24.Thuận tiện di chuyển sang các quận lân cận.Call, Zalo: Gặp Trinh.Để được tư vấn và hỗ trợ xem phòng.
"
91,p5-l1_20250320-011409,"
                Vị trí: Dương Bá Trạc Q8 (gần cầu Nguyễn Văn Cừ).Full nội thất.Ra vào vân tay, giờ giấc tự do.Toà nhà thang máy, nhà xe an ninh.Gần UEH, SGU, Sư phạm, KHTN, KHXH, STU.Khu vực dân trí cao, yên tĩnh, camera 24/24.Ưu đãi giá tốt cho khách ở lâu dài.Gọi hoặc ib zalo cho em để được xem phòng miễn phí.
            "
92,p5-l2_20250320-011409,"
                Cho thuê phòng trọ mới full nội thất ngay Ngã Tư Thủ Đức gần Công Thương SPKT Hutech Đỗ Xuân Hợp.Không chung chủ - Giờ giấc tự do - Mới.Vị trí đẹp gần các trục đường lớn: Đỗ Xuân Hợp, Dương Đình Hội, Đình Phong Phú, XLHN, Tây Hòa, Nam Hòa,Gần trường Công Thương, Kinh Tế Đối Ngoại, Hutech, SPKT, GTVT, Kỹ Nghệ, Văn Hóa, FPT,...Tiện ích xung quanh đầy đủ, bách hóa, quán ăn, gym, spa,...Tòa nhà ra vào vân tay, giặt chung, wifi, camera an ninh đầy đủ.Phòng trang bị đầy đủ nội thất có thể ở liền.ĐC: Đường 147, Tăng Nhơn Phú B, Quận 9.Xem phòng trực tiếp LH 0913 065 *** Gia Thụy.
            "
93,p5-l3_20250320-011409,"
                Chi tiết căn hộ: 25m², giá 4.5 tr/th.- Phòng full nội thất, là phòng trệt nằm mặt tiền tòa nhà.- Tòa nhà thang máy, hầm xe.- Ra vào vân tay, giờ giấc tự do, không chung chủ.- Khu dân cư yên tĩnh, an ninh cao, đối diện công viên.Liên hệ ngay.
            "
94,p5-l4_20250320-011409,"
                    Trống phòng cửa sổ trời full nội thất.- Công khai: 3tr6/tháng.Nội thất gồm: Máy lạnh, tủ lạnh, tủ quần áo, giường nệm, kệ bếp...Địa chỉ: 31 Phan Huy Ích, Phường 15, Tân Bình.- Tiện di chuyển: Trường Chinh, Emart Phan Huy Ích, Công viên Phần Mềm Quang Trung, Phạm Văn Bạch, Huỳnh Văn Nghệ, Nguyễn Tư Giản, Nguyễn Sỹ Sách, Cống Lỡ, Trần Thị Trọng, Lê Văn Thọ, Phạm Văn Chiêu, Lê Đức Thọ, Phan Huy Ích, Nguyễn Văn Khối,- Giờ giấc tự do.- Ra vào vân tay.- Không chung chủ.- Đường ô tô.Liên hệ sdt/zalo: 0353 333 ***.
                "
95,p5-l5_20250320-011409,"
                Trống phòng cửa sổ trời.- Công khai: 4tr/tháng.Nội thất gồm: Máy lạnh, tủ lạnh, tủ quần áo, giường, kệ bếp...Địa chỉ: 31 Phan Huy Ích, Phường 15, Tân Bình.- Tiện di chuyển: Trường Chinh, Emart Phan Huy Ích, Công viên Phần Mềm Quang Trung, Phạm Văn Bạch, Huỳnh Văn Nghệ, Nguyễn Tư Giản, Nguyễn Sỹ Sách, Cống Lỡ, Trần Thị Trọng, Lê Văn Thọ, Phạm Văn Chiêu, Lê Đức Thọ, Phan Huy Ích, Nguyễn Văn Khối,- Giờ giấc tự do.- Ra vào vân tay.- Không chung chủ.- Đường ô tô.Liên hệ SDT/zalo: 0353 333 ***.
            "
96,p5-l6_20250320-011409,"
                Căn hộ tại Cô Bắc, Quận Phú Nhuận: Sự kết hợp hoàn hảo giữa tiện nghi và không gian sống độc đáo.Vị trí trung tâm mang lại sự thuận tiện và tiện lợi cho cuộc sống hàng ngày.Thiết kế linh hoạt với các căn hộ có ban công và cửa sổ, tối ưu hóa không gian và ánh sáng tự nhiên.Nội thất sang trọng và hiện đại bao gồm máy lạnh, tủ lạnh, máy giặt, sofa, bàn ghế ăn, bếp, và nhiều tiện ích khác, tạo nên một môi trường sống tiện nghi và thoải mái.Giờ giấc linh hoạt và hệ thống camera an ninh 24/24, đảm bảo sự an toàn và yên tâm cho cư dân.Hệ thống phòng đa dạng với các mức giá và tiện ích phù hợp với nhu cầu và phong cách sống của mọi người.Cam kết hỗ trợ khách hàng tận tình và chu đáo, từ việc xem phòng đến thương lượng giá cả, để đảm bảo sự hài lòng và tin tưởng tuyệt đối từ phía chúng tôi.Liên hệ ngay với chúng tôi qua hotline/Zalo: Dương An để được tư vấn và hỗ trợ tốt nhất!
            "
97,p5-l7_20250320-011409,"
                    CHo thuê phòng trọ full nội thất ngay Linh Đông, gần Phạm Văn Đồng, Gigamall, Hiệp Bình Chánh, Cầu Bình Lợi, Bình Thạnh. DT 35m².- Giữ phòng lâu - cửa sổ siêu thoáng - phòng rộng, an ninh - cho nuôi thú cưng.- Gần các trục đường: Hiệp Bình Chánh, Phạm Văn Đồng, Kha Vạn Cân, Gigamall, Cầu Bình Lợi, Cầu Bình Triệu, Linh Đông.- Tiện di chuyển sang các khu vực lân cận, các quận trung tâm, quận 1 2 3 và quận Bình Thạnh.Tiện ích:- Có thể vào ở ngay.- Phòng sẵn nội thất, siêu thoáng.- Cho nuôi thú cưng.- Giờ giấc tự do, ra vào vân tay, không chung chủ.- Trang bị hệ thống pccc, camera an ninh đầy đủ.- Có nhà xe, không tính phí.- Khu dân cư an ninh, yên tĩnh.- Nhiều tiện ích xoay quanh: Chợ, bách hoá xanh, hàng quán ăn uống, cửa hàng tiện lợi, trạm xe buýt.Nội thất gồm có: Máy lạnh, tủ lạnh, tủ quần áo, kệ bếp trên dưới, bàn ghế, máy giặt chung. 4.3 tr/th.Địa chỉ: Linh Đông, Thủ Đức.Xem phòng trực tiếp LH: 0964 465 *** - Tuyết (Zalo/Sđt) - Ưu tiên gọi trực tiếp.Hỗ trợ tìm phòng theo nhu cầu.
                "
98,p5-l8_20250320-011409,"
                Mới xây luôn nè - ngay cầu Tân Thuận - qua Q4 chỉ 5p.Vị trí: Bùi Văn Ba, Quận 7.Ngay khu chế xuất, dưới chân cầu tân thuận chỉ mất 5 phút sang quận 4.Thích hợp cho sinh viên ĐH Tài Chính Maketting, Tôn Đức Thắng, Rmit,...Diện tích 30m² giá 5.8 triệu/tháng.- Đầy đủ nội thất.- Giặt sấy ngay trệt.- Giờ giấc tự do.- Không chung chủ.- Mới keng 100%.Gọi ngay: (Tăng Trinh Hifriendz).
            "
99,p5-l9_20250320-011409,"
                Khai trương CHDV full nội thất gần cầu Chữ Y.Âu Dương Lân - Quận 8.- Full nội thất.- Nhà mới 100%.- Ra vào vân tay, camera an ninh 24/24.- Có hệ thống PCCC.- Giờ giấc tự do, không chung chủ.
            "
100,p6-l0_20250320-011409,"
                Căn hộ ban công full nội thất ngay kế bên đại học Ngoại Thương, GTVT, Hutech ngay ngã tư Hàng Xanh.Vị trí: Nguyễn Cữu Vân, Bình Thạnh. DT 35m², 4.5tr/th.Đầy đủ tiện ích tại phòng, gác cao và lớn.Hầm xe lớn, có bảo vệ.Giờ giấc tự do, không chung chủ.Thuận tiện di chuyển qua các quận Trung Tâm như Quận 1,2,3.Ngay ngã tư hàng xanh.Liên hệ Thanh Triều 0911 538 *** để được hỗ trợ và tư vấn phòng miễn phí.
            "
101,p6-l10_20250320-011409,"
                Địa chỉ: Võ Duy Ninh, Bình Thạnh.Giá: 4.200.000đ.Tổng quan:- Diện tích 30m2- Căn hộ Duplex cửa sổ trời.- Full nội thất, anh chị chỉ việc xách vali vào ở.- Camera an ninh, ra vào vân tay.- Giờ giấc tự do, không chung chủ.- Nằm ngay khu Vinhomes, Landmark 81, Ngã Tư Hàng Xanh, Hutech, UEF...
            "
102,p6-l11_20250320-011409,"
                Phòng trọ cho thuê tọa lạc tại đường Điện Biên Phủ, Phường 17, Bình Thạnh, Hồ Chí Minh, với diện tích 30m², giá 5,9 triệu VND. Phòng trọ này có hướng cửa chính và ban công đều hướng Đông Nam, mang lại không gian thoáng đãng và ánh sáng tự nhiên.Liên hệ ngay để biết thêm chi tiết qua số điện thoại 0989 785 ***.Cam kết đúng hình đúng giá.+ 1 phòng ngủ đầy đủ tiện nghi.+ 1 phòng tắm sạch sẽ.+ Phòng khách rộng rãi, thoáng mát.+ Ngõ vào rộng 8m, thuận tiện cho việc di chuyển.+ Bãi đậu xe oto.Đặc biệt, ngõ vào rộng rãi, phù hợp cho xe hơi vào tận nơi, mang lại sự thuận tiện cho việc di chuyển hàng ngày.---Địa điểm xung quanh:Bệnh viện thẩm mỹ Thanh Vân, Bệnh viện Ung Bướu TP. HCM, Bệnh viện Nhi Đồng 2, Siêu thị trực tuyến Chiaki, Siêu thị Điện Máy Tự Do, WinMart +, Trường Quốc Tế Á Châu - Vanthanh Campus, Trường Tiểu Học Trần Quang Vinh, Trường THPT Hoàng Hoa Thám.Liên hệ ngay để biết thêm chi tiết qua số điện thoại 0989 785 *** hoặc liên hệ với David.
            "
103,p6-l12_20250320-011409,"
                Nhà trọ xịn xò ở đường Hoàng Sa, p Võ Thị Sáu, Q3, Hồ Chí Minh đang cần tìm chủ mới. Phòng trọ này có:Liên hệ ngay để biết thêm chi tiết Anna 0989 785 ***.+ Diện tích 35m², 1PN, 1WC, đầy đủ nội thất.+ Giá thuê chỉ 5,9 triệu VND.+ Thời gian thuê linh hoạt, tối thiểu 1 năm.+ Không gian sống thoải mái, tiện nghi đầy đủ cho cuộc sống hiện đại.Địa điểm xung quanh:- Gần bệnh viện tai mũi họng TP. HCM, bệnh viện da liễu TP. HCM.- Công viên Lê Văn Tám để thư giãn.- Siêu thị Co. Opmart Rạch Miễu, bách hóa xanh gần đó.- Trường THPT Marie Curie và Lê Quý Đôn, trường tiểu học Đuốc Sống.Liên hệ ngay để biết thêm chi tiết cụ thể giá Anna 0989 785 ***.
            "
104,p6-l13_20250320-011409,"
                Phòng trọ cho thuê tại đường Phổ Quang, P.2, Tân Bình, HCM, với diện tích 18m², rất thích hợp cho những ai cần không gian riêng tư.Phòng thiết kế đơn giản, không nội thất, cho phép tự do trang trí theo ý thích. Giá cho thuê chỉ 2,8 triệu VND, cực kỳ hợp lý cho các bạn trẻ. Thời gian cho thuê linh hoạt, tối thiểu 6 tháng, nên rất dễ dàng cho việc sắp xếp.Khu vực an ninh, có camera khu phố + camera riêng của hộ nhà11h đêm khóa cửa+ Phòng 1PN, 1WC+ Không gian thoải mái, tiện lợi cho sinh hoạt hàng ngàyGần nhiều tiện ích như:+ Gần công viên Hồ Văn Huê, Hoàng Văn Thụ, Gia Định+ Gần Winmart cho việc mua sắm dễ dàng+ Gần các bệnh viện như Bệnh viện Đa khoa Hoàn Mỹ Sài Gòn, Bệnh viện An Sinh+ Nằm gần trường học quốc tế và trường tiểu học Cổ LoaLiên hệ ngay để biết thêm chi tiết, đừng bỏ lỡ cơ hội này! Đỗ Thị Sửu 0988 845 ***.
            "
105,p6-l1_20250320-011409,"
                Studio full NT mới 100% rộng 30m² có máy giặt riêng.Vị trí: Chu Văn An, Phường 12, Bình Thạnh.Tiện ích tòa nhà bao gồm:Giờ giấc tự do - ra vào vân tay an ninh.Full nội thất chỉ cần xách vali vào ở.Camera 24/24.Wifi tốc độ cao riêng từng phòng.Hệ thống PCCC/ Thang thoát hiểm đảm bảo đạt chuẩn.Nội thất: Máy lạnh, tủ lạnh, giường nệm gra gối, tủ đồ, sofa, bàn ghế ăn, Tivi, bàn trang điểm, máy hút mùi 1PN, máy nóng lạnh mặt trời, kệ bếp, tủ bếp, máy giặt riêng.Giá 5.5tr/tháng.Hệ thống có hơn 1.000 căn hộ dịch vụ khác tại hệ thống For Rent.Vị trí: Nguyễn Văn Đậu, Hồ Văn Huê, Phan Xích Long, Phan Đăng Lưu,... Quận Phú Nhuận (Giáp Bình Thạnh, Tân Bình, Quận 1, Quận 3... ).Tham khảo thêm sản phẩm tại: Zalo để được hỗ trợ tư vấn và tìm chỗ ở phù hợp với nhu cầu.
            "
106,p6-l2_20250320-011409,"
                Nhà trọ cho thuê tại Nguyễn Thị Định, Phường Bình Trưng Tây, Quận 2, Hồ Chí Minh với diện tích 25m², giá 3,8 triệu VND.+ Nội thất đầy đủ.+ Điều hòa, giường, tủ lạnh, tiện nghi.- Điểm nhấn.Nhà trọ được thiết kế hiện đại, không gian thoáng đãng, phù hợp cho cá nhân hoặc cặp đôi. Môi trường sống yên tĩnh, an ninh tốt.- Gần trường học, gần chợ/siêu thị, có công viên.Gần siêu thị Bách Hóa Xanh 419 Nguyễn Thị Định, 323 Lê Văn Thịnh và 60 Đường 39, bệnh viện Lê Văn Thịnh, cũng như các trường học như Viện Thánh Kinh Thần Học và Saigon Star International School.Liên hệ ngay để biết thêm chi tiết và đặt lịch xem nhà: 0398 454 *** Quốc Hifriendz.
            "
107,p6-l3_20250320-011409,"
                - Công khai: 5tr1/tháng.DT 40m².Nội thất gồm: Máy lạnh, tủ đồ, kệ bếp, tủ lạnh.Địa chỉ: 399 Thống Nhất, Phường 16, Gò Vấp.+ Qua các trường Đại Học IUH, VLU 5 - 10phút Lê Đức Thọ, Lotte Nguyễn Văn Lượng, Phan Văn Trị, Thống Nhất, Nguyễn Oanh,...Giờ giấc tự do.Ra vào vân tay.Đường ô tô.Không chung chủ.Liên hệ sdt/zalo: 0353 333 ***.
            "
108,p6-l4_20250320-011409,"
                Căn hộ 1PN tách bếp - full nội thất, máy giặt riêng - có bảo vệ.- DT 40m².- Vị trí: Thảo Điền, Quận 2. (Ngay Trục Đường Nguyễn Văn Hưởng).- Thuận tiện di chuyển: XL Hà Nội, Song Hành, Trần Não, Mai Chí Thọ, Lương Định Của, Bình Thạnh, Quận 1,...Nội Thất: Giường, nệm, sofa, bàn trà, tủ quần áo, tủ lạnh, máy lạnh, máy giặt, kệ bếp, tủ bếp, tủ giày, bàn 2 ghế,...Tiện ích toà nhà:- Khu dân cư an ninh, yên tĩnh.- Giờ giấc tự do, không chung chủ.- Nơi đổ xe rộng rãi.- Phòng đầy đủ tiện nghi.- Phòng sạch sẽ thoáng mát.Tiện ích xung quanh: Chợ, quán ăn, nhà hàng, cafe, ngân hàng, gym, cửa hàng tiện lợi,...Zl, call: (Cẩm Tuyên) hỗ trợ tư vấn và xem phòng Q2.
            "
109,p6-l5_20250320-011409,"
                    Cao Lỗ, Quận 8 -.DT 30m², 5.5 tr/thNgay sát Parc Mall, cầu Chữ Y, cầu Chánh Hưng, Nguyễn Tri Phương.Thuận tiện di chuyển trung tâm như Q1, Q5.Full nội thât.Giờ giấc tự do.Ra vào vân tay.Đường xe hơi di chuyển.Lh 0387 789 *** (Thành Đạt).
                "
110,p6-l6_20250320-011409,"
                Khai trương dãy trọ 50 phòng.Cam kết như hình.Dá từ 3tr4/tháng (Phòng ko nội thất).Ngay đại học Tài Chính Marketing (UFM).Đi bộ qua Khu Chế Xuất quận 7.
            "
111,p6-l7_20250320-011409,"
                Cho thuê phòng 4x10m, điện 4.000/KW, nước 100.000đ/người/tháng, WC riêng, giờ tự do, lối đi riêng, có máy lạnh, quạt trần.Giá 3.500.000Đ/tháng. Tối đa 01 xe máy trong nhà.
            "
112,p6-l8_20250320-011409,"
                    Nhanh tay sở hữu nhà trọ tại Thảo Điền, Quận 2, TP. HCM với diện tích 15 m² và giá thuê chỉ 2,6 triệu VND.- Nội thất cơ bản, thuận tiện cho sinh hoạt hàng ngày.- Đầy đủ điều hòa, giường, tủ lạnh...- Một toilet riêng biệt, đảm bảo sự riêng tư cho cư dân.Địa điểm tiện ích xung quanh:- Gần bệnh viện đa khoa quốc tế Vinmec Central Park, bệnh viện quốc tế Thảo Điền, bệnh viện Bưu Điện.- Tiện ích công viên Thảo Điền, công viên Dạ Cầu Sài Gòn 1.- Gần trường học Múp Míp Kindergarten, Shichida An Phú, European International School HCMC.- Siêu thị An Phú, siêu thị Mẹ Bầu và Em Bé Con Cưng.Liên hệ để biết thêm thông tin: Nguyễn Thái Kiệt Hifriendz, 0353 427 ***.
                "
113,p6-l9_20250320-011409,"
                Giá đã bao gồm máy lạnh, máy nước nóng.- Giờ giấc tự do.- Ra vào vân tay.- Có thang máy.- Bảo vệ 24/7.Khu sinh hoạt chung miễn phí (máy chiếu, bóng bàn, máy tập, khu đọc sách,... ).Gần cho sv Đại học Mở.Thuận tiện sang Phú Mỹ Hưng, Nhà Bè,...Qua KCX dễ dàng.Liên hệ Bảo: 0528 626 *** (Zal0/Call) hỗ trợ tìm phòng đúng nhu cầu miễn phí trung gian khu vực Quận 7, Nhà Bè, Quận 4, Bình Chánh...
            "
